id,user_id,user_elo,user_deviation,tsumego_id,tsumego_elo,tsumego_deviation,status,seconds,sequence,recent,created
634717,7217,1850,28,306,1839,7,S,49,|ps-41|or-46|nq-48|or-49|correct|,1,"2022-01-16 22:52:40"
634716,7217,1822,27,2971,1772,7,S,12,|pb-11|oc-12|correct|,1,"2022-01-16 22:51:30"
634715,7217,1795,26,10534,1710,7,S,53,|sr-51|rr-53|correct|,1,"2022-01-16 22:51:14"
634714,7217,1769,30,5110,1786,7,S,24,|ab-19|cd-23|correct|,1,"2022-01-16 22:50:18"
634713,7217,1739,28,2296,1706,7,F,20,,1,"2022-01-16 22:49:52"
634712,7217,1767,29,10163,1667,7,S,18,|dr-15|es-17|correct|,1,"2022-01-16 22:49:28"
634711,7217,1738,33,9434,1760,7,S,8,|pa-8|correct|,1,"2022-01-16 22:49:08"
634710,7217,1705,31,10866,1739,7,F,10,,1,"2022-01-16 22:48:52"
634709,7217,1737,32,10148,1794,7,F,79,,1,"2022-01-16 22:48:29"
634708,7217,1771,34,5093,1822,7,F,99,,1,"2022-01-16 22:47:06"
634707,7217,1729,,5093,1822,,V,,,1,"2022-01-16 22:45:19"
634706,7217,1774,38,3100,1739,7,F,9,,1,"2022-01-16 22:43:41"
634705,7217,1813,40,7802,1766,7,S,35,|od-33|pb-35|correct|,1,"2022-01-16 22:43:17"
634704,7217,1773,42,5187,1830,7,F,20,,1,"2022-01-16 22:42:39"
634703,7217,1816,44,10662,1962,7,F,26,,1,"2022-01-16 22:42:08"
634702,7217,1869,47,7429,1807,7,F,11,,1,"2022-01-16 22:41:36"
634701,7217,1916,60,2302,1964,7,S,25,|sb-17|qc-22|rb-25|correct|,1,"2022-01-16 22:41:16"
634700,6315,1819,,7557,2055,,V,,,1,"2022-01-16 22:40:51"
634699,7217,1856,53,647,2016,7,F,18,,1,"2022-01-16 22:40:47"
634698,7217,1918,57,20216,1925,7,F,27,,1,"2022-01-16 22:40:22"
634697,6315,1819,,2533,2041,,V,,,1,"2022-01-16 22:40:04"
634696,7217,1983,72,7555,2025,7,S,19,|er-15|er-17|aq-19|correct|,1,"2022-01-16 22:39:50"
634695,7217,1911,66,7592,1934,7,F,51,,1,"2022-01-16 22:39:28"
634694,7217,1988,83,4750,1843,7,S,28,|ia-17|fa-19|eb-28|correct|,1,"2022-01-16 22:38:34"
634693,7217,1729,,4750,1843,,V,,,1,"2022-01-16 22:38:02"
634692,7217,1819,90,5120,1745,7,S,32,|da-27|dc-31|correct|,1,"2022-01-16 22:37:35"
634691,6315,2019,9,4679,2031,7,S,55,|db-45|ba-54|correct|,1,"2022-01-16 22:37:12"
634690,7217,1729,,5120,1745,,V,,,1,"2022-01-16 22:36:56"
634689,6315,2010,8,9689,1955,7,S,61,|ab-61|correct|,1,"2022-01-16 22:36:12"
634688,6315,1819,,9689,1955,,V,,,1,"2022-01-16 22:35:02"
634687,6315,1994,9,10170,2009,7,S,37,|cq-27|es-33|as-37|correct|,1,"2022-01-16 22:34:04"
634686,6315,1985,9,1619,1966,7,S,279,|rs-278|correct|,1,"2022-01-16 22:33:23"
634685,9126,2319,41,597,2303,7,S,14,|rb-10|ra-11|sb-13|qb-14|correct|,1,"2022-01-16 22:29:25"
634684,9126,2137,,597,2303,,V,,,1,"2022-01-16 22:29:08"
634683,6315,1819,,1619,1966,,V,,,1,"2022-01-16 22:28:39"
634682,9126,2137,,17137,2363,,V,,,1,"2022-01-16 22:27:14"
634681,9126,2323,47,15744,2230,7,S,485,|db-481|dc-482|fa-484|ea-485|correct|,1,"2022-01-16 22:27:03"
634680,6315,1819,,9705,1960,,V,,,1,"2022-01-16 22:26:15"
634679,6315,1819,,7798,1969,,V,,,1,"2022-01-16 22:24:48"
634678,6315,1819,,20235,1946,,V,,,1,"2022-01-16 22:23:19"
634677,6315,1819,,5358,1942,,V,,,1,"2022-01-16 22:21:58"
634676,6315,1819,,1875,2000,,V,,,1,"2022-01-16 22:19:35"
634675,6315,1819,,2006,1947,,V,,,1,"2022-01-16 22:19:09"
634674,6315,1819,,7449,1960,,V,,,1,"2022-01-16 22:18:38"
634673,9126,2137,,15744,2230,,V,,,1,"2022-01-16 22:18:06"
634672,6315,1819,,3084,1969,,V,,,1,"2022-01-16 22:17:36"
634671,9126,2137,,14555,2244,,V,,,1,"2022-01-16 22:17:17"
634670,233,1503,9,9410,1535,7,F,2,,1,"2022-01-16 22:16:32"
634669,6315,1819,,10697,1952,,V,,,1,"2022-01-16 22:16:31"
634668,233,1588,,9410,1535,,V,,,1,"2022-01-16 22:16:28"
634667,9126,2287,57,4696,2214,7,S,33,|ls-27|ns-29|ps-31|mr-32|mq-32|os-33|correct|,1,"2022-01-16 22:16:25"
634666,9126,2137,,16920,2188,,V,,,1,"2022-01-16 22:16:24"
634665,233,1588,,5121,1550,,V,,,1,"2022-01-16 22:16:22"
634664,233,1588,,10651,1515,,V,,,1,"2022-01-16 22:16:19"
634663,233,1588,,2989,1556,,V,,,1,"2022-01-16 22:16:15"
634662,233,1588,,7313,1599,,V,,,1,"2022-01-16 22:16:09"
634661,233,1588,,20497,1535,,V,,,1,"2022-01-16 22:16:05"
634660,233,1588,,2443,1591,,V,,,1,"2022-01-16 22:16:01"
634659,233,1588,,20472,1542,,V,,,1,"2022-01-16 22:15:55"
634657,9126,2137,,4696,2214,,V,,,1,"2022-01-16 22:15:49"
634658,233,1588,,2850,1536,,V,,,1,"2022-01-16 22:15:49"
634656,6315,1819,,10162,1997,,V,,,1,"2022-01-16 22:15:48"
634655,233,1576,12,10660,1647,7,F,1,,1,"2022-01-16 22:15:44"
634654,233,1588,,10660,1647,,V,,,1,"2022-01-16 22:15:41"
634653,233,1588,,20324,1556,,V,,,1,"2022-01-16 22:15:34"
634652,233,1588,,5021,1529,,V,,,1,"2022-01-16 22:15:30"
634651,233,1588,,2690,1536,,V,,,1,"2022-01-16 22:15:25"
634650,233,1588,,3002,1536,,V,,,1,"2022-01-16 22:15:18"
634649,233,1588,,506,1554,,V,,,1,"2022-01-16 22:15:12"
634648,233,1588,,10876,1536,,V,,,1,"2022-01-16 22:15:06"
634647,233,1588,,10958,1508,,V,,,1,"2022-01-16 22:15:02"
634646,233,1588,,10445,1620,,V,,,1,"2022-01-16 22:14:57"
634645,233,1588,,1986,1601,,V,,,1,"2022-01-16 22:14:51"
634644,233,1588,,7552,1571,,V,,,1,"2022-01-16 22:14:41"
634643,233,1588,,2164,1525,,V,,,1,"2022-01-16 22:14:36"
634642,233,1588,,5156,1556,,V,,,1,"2022-01-16 22:14:32"
634641,233,1588,,2439,1575,,V,,,1,"2022-01-16 22:14:28"
634640,9126,2137,,9576,2323,,V,,,1,"2022-01-16 22:14:25"
634639,233,1588,,20409,1549,,V,,,1,"2022-01-16 22:14:23"
634638,233,1588,,10660,1647,,V,,,1,"2022-01-16 22:14:16"
634637,233,1588,,7577,1666,,V,,,1,"2022-01-16 22:14:11"
634636,233,1588,,9407,1697,,V,,,1,"2022-01-16 22:14:04"
634635,233,1588,,20223,1619,,V,,,1,"2022-01-16 22:13:59"
634634,233,1588,,5085,1564,,V,,,1,"2022-01-16 22:13:53"
634633,233,1588,,9486,1668,,V,,,1,"2022-01-16 22:13:46"
634632,233,1588,,445,1617,,V,,,1,"2022-01-16 22:13:42"
634631,233,1588,,5167,1689,,V,,,1,"2022-01-16 22:13:38"
634630,233,1588,,2743,1634,,V,,,1,"2022-01-16 22:13:34"
634629,233,1588,,10687,1633,,V,,,1,"2022-01-16 22:13:28"
634628,6315,1819,,20233,1953,,V,,,1,"2022-01-16 22:13:07"
634627,9126,2312,67,14526,2351,7,F,41,,1,"2022-01-16 22:12:46"
634626,9126,2137,,14526,2351,,V,,,1,"2022-01-16 22:12:02"
634625,9126,2137,,4775,2234,,V,,,1,"2022-01-16 22:12:01"
634624,9126,2137,,2925,2102,,V,,,1,"2022-01-16 22:11:24"
634623,9126,2128,105,10141,2103,7,S,74,|cb-73|ea-74|correct|,1,"2022-01-16 22:10:44"
634622,9126,2023,108,20048,2153,7,F,79,,1,"2022-01-16 22:09:23"
634621,6315,1819,,5318,2003,,V,,,1,"2022-01-16 22:08:41"
634620,9126,2137,,20048,2153,,V,,,1,"2022-01-16 22:08:01"
634619,6315,1819,,2580,1990,,V,,,1,"2022-01-16 22:06:38"
634618,6315,1819,,3465,1976,,V,,,1,"2022-01-16 22:05:01"
634617,6315,1819,,2617,1909,,V,,,1,"2022-01-16 22:04:25"
634616,6315,1819,,2426,1920,,V,,,1,"2022-01-16 22:03:09"
634615,6315,1952,9,3445,1976,7,F,53,,1,"2022-01-16 21:59:40"
634614,6315,1819,,3445,1976,,V,,,1,"2022-01-16 21:58:43"
634613,6315,1819,,2170,1962,,V,,,1,"2022-01-16 21:58:04"
634612,6315,1819,,5100,1934,,V,,,1,"2022-01-16 21:57:16"
634611,6315,1819,,10135,1941,,V,,,1,"2022-01-16 21:56:35"
634610,6315,1819,,14514,1954,,V,,,1,"2022-01-16 21:54:30"
634609,6315,1819,,2560,1943,,V,,,1,"2022-01-16 21:54:14"
634608,6315,1819,,5225,1953,,V,,,1,"2022-01-16 21:51:40"
634607,6315,1819,,9446,1942,,V,,,1,"2022-01-16 21:49:18"
634606,6315,1819,,11111,1973,,V,,,1,"2022-01-16 21:48:00"
634605,6315,1934,18,2102,1912,7,S,62,|ba-35|ea-55|da-62|correct|,1,"2022-01-16 21:47:45"
634604,6315,1819,,2102,1912,,V,,,1,"2022-01-16 21:46:36"
634603,6315,1819,,5476,1906,,V,,,1,"2022-01-16 21:46:11"
634602,6315,1819,,10554,1958,,V,,,1,"2022-01-16 21:45:41"
634601,6315,1819,,7324,2004,,V,,,1,"2022-01-16 21:45:23"
634600,6315,1819,,5116,1983,,V,,,1,"2022-01-16 21:40:32"
634599,6315,1819,,7449,1960,,V,,,1,"2022-01-16 21:38:52"
634598,6315,1819,,7745,1886,,V,,,1,"2022-01-16 21:35:49"
634597,6315,1819,,11033,1960,,V,,,1,"2022-01-16 21:34:47"
634596,6315,1913,27,7463,1924,7,S,39,|cb-26|ca-39|correct|,1,"2022-01-16 21:31:06"
634595,6315,1819,,7463,1924,,V,,,1,"2022-01-16 21:30:10"
634594,6315,1819,,2874,1870,,V,,,1,"2022-01-16 21:30:09"
634593,6315,1819,,2874,1870,,V,,,1,"2022-01-16 21:29:23"
634592,6315,1819,,2131,1845,,V,,,1,"2022-01-16 21:27:43"
634591,6315,1856,29,20051,1820,7,S,24,|qr-12|pr-18|qs-21|qp-24|correct|,1,"2022-01-16 21:26:49"
634590,6315,1819,,20051,1820,,V,,,1,"2022-01-16 21:26:22"
634589,6315,1819,,5088,1941,,V,,,1,"2022-01-16 21:25:53"
634588,6315,1819,,7347,1907,,V,,,1,"2022-01-16 21:25:19"
634587,6315,1819,,9446,1935,,V,,,1,"2022-01-16 21:22:22"
634586,6315,1819,,10157,1843,,V,,,1,"2022-01-16 21:21:14"
634585,6315,1819,,2688,1870,,V,,,1,"2022-01-16 21:20:50"
634584,6315,1819,,2511,1907,,V,,,1,"2022-01-16 21:13:07"
634583,6315,1819,,5473,1791,,V,,,1,"2022-01-16 21:12:19"
634582,6315,1819,,5238,1800,,V,,,1,"2022-01-16 21:11:51"
634581,9377,1604,73,10671,1750,7,F,29,,1,"2022-01-16 21:04:09"
634580,9377,1684,79,20050,1815,7,F,66,,1,"2022-01-16 20:54:44"
634579,9377,1769,87,7386,1823,7,F,91,,1,"2022-01-16 20:53:28"
634578,9377,1855,,7386,1823,,V,,,1,"2022-01-16 20:51:55"
634577,7567,2060,,10315,1987,,V,,,1,"2022-01-16 20:36:33"
634576,7567,2060,,7368,1991,,V,,,1,"2022-01-16 20:36:13"
634575,7567,2060,,9687,2027,,V,,,1,"2022-01-16 20:35:22"
634574,7567,2060,,5104,2011,,V,,,1,"2022-01-16 20:35:14"
634573,7567,2013,9,9433,2066,7,F,11,,1,"2022-01-16 20:35:05"
634572,7567,2022,9,5321,2079,7,F,9,,1,"2022-01-16 20:34:49"
634571,7567,2060,,5321,2079,,V,,,1,"2022-01-16 20:34:34"
634570,7567,2040,9,9598,2096,7,F,27,,1,"2022-01-16 20:34:11"
634569,7567,2060,,9598,2096,,V,,,1,"2022-01-16 20:33:41"
634568,9424,900,0,15425,935,7,S,4,|dd-3|cf-4|correct|,1,"2022-01-16 20:03:33"
634567,9424,900,0,4854,977,7,S,30,|oq-29|correct|,1,"2022-01-16 20:03:26"
634566,9424,900,0,4850,888,7,S,16,|ns-16|correct|,1,"2022-01-16 20:02:53"
634565,9424,900,0,15444,928,7,S,15,|pq-13|qp-14|correct|,1,"2022-01-16 20:02:31"
634564,9424,900,0,10208,928,7,S,24,|sa-23|correct|,1,"2022-01-16 20:02:13"
634563,9424,900,,10208,928,,V,,,1,"2022-01-16 20:01:46"
634562,3762,1619,,7591,2109,,V,,,1,"2022-01-16 19:41:39"
634561,3762,1619,,4710,2102,,V,,,1,"2022-01-16 19:39:57"
634560,3762,1690,15,9632,2102,7,S,33,|bs-19|cs-31|dr-32|correct|,1,"2022-01-16 19:39:26"
634559,3762,1619,,9632,2102,,V,,,1,"2022-01-16 19:38:45"
634558,3762,1619,,10822,2112,,V,,,1,"2022-01-16 19:38:18"
634557,3762,1619,,1718,2094,,V,,,1,"2022-01-16 19:37:20"
634556,3762,1619,,1743,2094,,V,,,1,"2022-01-16 19:36:41"
634555,3762,1619,,14457,2097,,V,,,1,"2022-01-16 19:36:18"
634554,3762,1619,,14523,2167,,V,,,1,"2022-01-16 19:34:43"
634553,3762,1619,,1694,2123,,V,,,1,"2022-01-16 19:34:20"
634552,3762,1619,,10769,2128,,V,,,1,"2022-01-16 19:33:50"
634551,3762,1619,,10732,2048,,V,,,1,"2022-01-16 19:33:24"
634550,3762,1619,,561,2016,,V,,,1,"2022-01-16 19:32:52"
634549,3762,1619,,10673,2016,,V,,,1,"2022-01-16 19:32:36"
634548,3762,1619,,2995,2000,,V,,,1,"2022-01-16 19:32:09"
634547,3762,1619,,2597,2012,,V,,,1,"2022-01-16 19:31:51"
634546,3762,1619,,2634,1998,,V,,,1,"2022-01-16 19:31:27"
634545,3762,1619,,3067,2046,,V,,,1,"2022-01-16 19:30:55"
634544,3762,1619,,5294,1990,,V,,,1,"2022-01-16 19:30:32"
634543,3762,1619,,1865,2066,,V,,,1,"2022-01-16 19:29:46"
634542,3762,1619,,2993,2080,,V,,,1,"2022-01-16 19:28:43"
634541,3762,1619,,17041,2055,,V,,,1,"2022-01-16 19:27:56"
634540,7567,2060,,9546,2052,,V,,,1,"2022-01-16 19:27:40"
634539,3762,1619,,691,1977,,V,,,1,"2022-01-16 19:27:34"
634538,7567,2060,,10126,2030,,V,,,1,"2022-01-16 19:27:31"
634537,7567,2060,,11118,2104,,V,,,1,"2022-01-16 19:27:13"
634536,3762,1619,,2970,2016,,V,,,1,"2022-01-16 19:27:01"
634535,3762,1619,,2016,1993,,V,,,1,"2022-01-16 19:26:39"
634534,3762,1619,,9570,2044,,V,,,1,"2022-01-16 19:26:05"
634533,3762,1619,,5104,2011,,V,,,1,"2022-01-16 19:25:51"
634532,3762,1619,,10667,2060,,V,,,1,"2022-01-16 19:25:07"
634531,3762,1619,,5321,2079,,V,,,1,"2022-01-16 19:24:45"
634530,3762,1619,,10666,2022,,V,,,1,"2022-01-16 19:24:32"
634529,3762,1619,,15737,2068,,V,,,1,"2022-01-16 19:23:53"
634528,3762,1619,,7465,2079,,V,,,1,"2022-01-16 19:23:11"
634527,9426,1542,62,5342,1452,7,S,31,|fs-27|er-31|correct|,1,"2022-01-16 19:22:15"
634526,3762,1619,,14502,2077,,V,,,1,"2022-01-16 19:22:12"
634525,3762,1619,,5104,2011,,V,,,1,"2022-01-16 19:22:01"
634524,9426,1480,60,4978,1326,7,S,6,|es-5|correct|,1,"2022-01-16 19:21:40"
634523,9426,1420,68,15462,1284,7,S,8,|dq-4|cr-6|bq-7|correct|,1,"2022-01-16 19:21:31"
634522,9426,1352,76,1978,1234,7,S,7,|ba-5|ab-7|correct|,1,"2022-01-16 19:21:18"
634521,9426,1276,68,10601,1033,7,S,20,|pq-20|correct|,1,"2022-01-16 19:21:06"
634520,9426,1208,91,10266,1055,7,S,5,|ls-2|ks-4|correct|,1,"2022-01-16 19:20:41"
634519,9392,899,203,10276,1235,7,F,18,,1,"2022-01-16 19:20:39"
634518,9426,1117,99,10425,928,7,S,7,|ob-7|correct|,1,"2022-01-16 19:20:33"
634517,9426,1018,118,15454,970,7,S,13,|oc-8|sd-10|rf-11|se-13|correct|,1,"2022-01-16 19:20:21"
634516,9426,900,0,10386,977,7,S,6,|an-6|correct|,1,"2022-01-16 19:20:04"
634515,9426,900,0,15406,956,7,S,10,|el-8|dn-10|correct|,1,"2022-01-16 19:19:47"
634514,9426,900,0,10599,984,7,S,19,|eq-18|correct|,1,"2022-01-16 19:19:33"
634513,263,2779,5,2169,2284,7,S,24,|ab-22|ae-24|correct|,1,"2022-01-16 19:04:17"
634512,263,2774,28,20241,2357,7,F,22,,1,"2022-01-16 19:03:49"
634511,263,2855,,20241,2357,,V,,,1,"2022-01-16 19:03:22"
634510,263,2789,10,17169,2371,7,S,14,|fb-12|da-13|ea-14|correct|,1,"2022-01-16 19:01:39"
634509,263,2855,,17169,2371,,V,,,1,"2022-01-16 19:01:21"
634508,263,2855,,10951,2294,,V,,,1,"2022-01-16 19:01:01"
634507,9426,900,0,10430,942,7,S,6,|oq-5|correct|,1,"2022-01-16 18:58:53"
634506,9426,900,0,15439,970,7,S,63,|cp-55|ao-61|ap-63|correct|,1,"2022-01-16 18:58:43"
634505,263,2782,7,1610,2291,7,S,41,|ms-32|os-38|pp-40|oq-41|correct|,1,"2022-01-16 18:57:59"
634504,9426,900,,15439,970,,V,,,1,"2022-01-16 18:57:34"
634503,263,2855,,1610,2291,,V,,,1,"2022-01-16 18:57:15"
634502,263,2784,38,1744,2309,7,F,8,,1,"2022-01-16 18:56:33"
634501,263,2791,40,10823,2316,7,F,18,,1,"2022-01-16 18:56:21"
634500,263,2800,8,20033,2311,7,S,8,|ob-2|oa-3|sb-5|qa-7|pb-8|correct|,1,"2022-01-16 18:55:58"
634499,263,2792,44,16938,2325,7,F,83,,1,"2022-01-16 18:55:47"
634498,263,2801,47,983,2364,7,F,22,,1,"2022-01-16 18:54:18"
634497,263,2855,,983,2364,,V,,,1,"2022-01-16 18:53:47"
634496,263,2799,53,9537,2402,7,F,22,,1,"2022-01-16 18:53:09"
634495,263,2815,57,18331,2444,7,F,48,,1,"2022-01-16 18:52:39"
634494,263,2835,61,19970,2448,7,F,40,,1,"2022-01-16 18:51:48"
634493,263,2855,,19970,2448,,V,,,1,"2022-01-16 18:50:54"
634492,7567,2060,,10909,2013,,V,,,1,"2022-01-16 18:06:17"
634491,7567,2060,,670,2025,,V,,,1,"2022-01-16 18:05:50"
634490,7567,2060,,10460,2079,,V,,,1,"2022-01-16 18:03:53"
634489,7567,2060,,3456,2031,,V,,,1,"2022-01-16 18:02:30"
634488,7530,2226,27,2714,2187,7,F,45,,1,"2022-01-16 18:02:19"
634487,7530,2122,,2714,2187,,V,,,1,"2022-01-16 18:01:29"
634486,7530,2122,,15745,2170,,V,,,1,"2022-01-16 18:00:35"
634485,7530,2122,,4701,2192,,V,,,1,"2022-01-16 18:00:24"
634484,7530,2195,31,3105,2168,7,S,5,|rr-2|rs-5|correct|,1,"2022-01-16 18:00:03"
634483,7530,2122,,3105,2168,,V,,,1,"2022-01-16 17:59:55"
634482,7530,2122,,10722,2222,,V,,,1,"2022-01-16 17:59:38"
634481,7530,2122,,3439,2261,,V,,,1,"2022-01-16 17:58:54"
634480,7530,2234,35,14509,2245,7,F,13,,1,"2022-01-16 17:57:05"
634479,7530,2122,,14509,2245,,V,,,1,"2022-01-16 17:56:44"
634478,7530,2122,,533,2219,,V,,,1,"2022-01-16 17:55:35"
634477,7530,2228,45,7440,2263,7,S,47,|sp-30|sr-44|sq-47|correct|,1,"2022-01-16 17:55:23"
634476,7530,2122,,7440,2263,,V,,,1,"2022-01-16 17:54:32"
634475,7530,2122,,7616,2166,,V,,,1,"2022-01-16 17:54:13"
634474,7530,2122,,11115,2111,,V,,,1,"2022-01-16 17:53:53"
634473,7530,2122,,2082,2096,,V,,,1,"2022-01-16 17:53:27"
634472,7530,2137,52,10684,2031,7,S,6,|ps-4|qr-5|correct|,1,"2022-01-16 17:53:24"
634471,7530,2122,,10684,2031,,V,,,1,"2022-01-16 17:53:15"
634470,7530,2122,,10815,2011,,V,,,1,"2022-01-16 17:52:58"
634469,7530,2122,,19981,2139,,V,,,1,"2022-01-16 17:52:48"
634468,7530,2122,,10827,2040,,V,,,1,"2022-01-16 17:52:25"
634467,7530,2028,70,568,2035,7,S,12,|bs-5|br-8|ds-11|correct|,1,"2022-01-16 17:52:06"
634466,7530,1958,67,4788,2100,7,F,26,,1,"2022-01-16 17:51:51"
634465,7530,2122,,4788,2100,,V,,,1,"2022-01-16 17:51:21"
634464,3762,1619,,7404,1995,,V,,,1,"2022-01-16 17:51:00"
634463,7530,2122,,9529,2160,,V,,,1,"2022-01-16 17:50:49"
634462,3942,1986,,10955,2027,,V,,,1,"2022-01-16 17:29:15"
634461,6148,1848,9,19989,1815,7,F,32,,1,"2022-01-16 17:28:06"
634460,6148,1856,9,2734,1851,7,F,10,,1,"2022-01-16 17:27:30"
634459,6148,1865,8,2425,1824,7,S,18,|cr-14|bs-18|correct|,1,"2022-01-16 17:27:11"
634458,6148,1857,9,2131,1845,7,S,41,|bb-37|aa-39|db-41|correct|,1,"2022-01-16 17:26:50"
634457,6148,1848,9,7390,1857,7,S,30,|ed-27|dc-29|correct|,1,"2022-01-16 17:26:03"
634456,6148,1839,9,10310,1843,7,S,12,|bs-9|ds-12|correct|,1,"2022-01-16 17:25:30"
634455,6148,1830,9,2849,1827,7,F,72,,1,"2022-01-16 17:25:13"
634454,6148,1839,8,4762,1795,7,S,18,|ga-15|eb-17|correct|,1,"2022-01-16 17:23:48"
634453,6148,1831,9,2575,1844,7,F,22,,1,"2022-01-16 17:23:26"
634452,6148,1841,11,2058,1827,7,S,29,|gb-21|ib-23|ha-29|correct|,1,"2022-01-16 17:23:00"
634451,6148,1830,10,3095,1836,7,F,32,,1,"2022-01-16 17:22:19"
634450,6148,1842,13,2686,1814,7,S,19,|br-19|correct|,1,"2022-01-16 17:21:42"
634449,6148,1829,14,10149,1815,7,S,34,|ra-16|rb-34|correct|,1,"2022-01-16 17:21:18"
634448,6148,1815,15,591,1809,7,S,22,|bs-18|ds-22|correct|,1,"2022-01-16 17:20:41"
634447,6148,1800,16,7747,1822,7,S,29,|pr-17|ps-28|correct|,1,"2022-01-16 17:20:12"
634446,6148,1784,15,19917,1752,7,F,25,,1,"2022-01-16 17:19:40"
634445,6148,1800,19,9454,1835,7,S,27,|ea-16|da-20|fa-22|aa-27|correct|,1,"2022-01-16 17:19:11"
634444,6148,1781,17,489,1844,7,F,26,,1,"2022-01-16 17:18:41"
634443,6148,1801,18,7444,1864,7,F,37,,1,"2022-01-16 17:18:11"
634442,6148,1822,19,5151,1774,7,F,44,,1,"2022-01-16 17:17:17"
634441,6148,1841,22,5451,1855,7,S,56,|nq-53|mr-56|correct|,1,"2022-01-16 17:16:29"
634440,6148,1819,21,7345,1816,7,F,10,,1,"2022-01-16 17:15:26"
634439,6148,1842,23,5110,1786,7,S,18,|ar-15|cp-18|correct|,1,"2022-01-16 17:14:59"
634438,6148,1819,26,7398,1786,7,S,9,|sp-7|sq-9|correct|,1,"2022-01-16 17:14:35"
634437,6148,1793,25,2675,1732,7,S,22,|ca-8|db-20|ab-22|correct|,1,"2022-01-16 17:14:23"
634436,6148,1768,27,9447,1767,7,S,18,|sr-17|correct|,1,"2022-01-16 17:13:57"
634435,6148,1741,26,3099,1752,7,F,19,,1,"2022-01-16 17:13:36"
634434,6148,1769,28,10671,1750,7,S,17,|bc-7|bb-13|db-15|ca-17|correct|,1,"2022-01-16 17:13:12"
634433,6148,1741,28,7302,1802,7,F,14,,1,"2022-01-16 17:12:51"
634432,6148,1771,29,10656,1774,7,F,26,,1,"2022-01-16 17:12:31"
634431,6148,1802,31,2103,1722,7,S,27,|ra-20|na-23|pa-27|correct|,1,"2022-01-16 17:11:58"
634430,2846,1751,44,11101,2400,7,F,43,,1,"2022-01-16 17:11:51"
634429,6148,1771,36,3470,1808,7,S,19,|er-11|ds-19|correct|,1,"2022-01-16 17:11:25"
634427,6148,1735,32,10121,1708,7,F,29,,1,"2022-01-16 17:11:01"
634428,2846,1838,47,10718,2307,7,F,101,,1,"2022-01-16 17:11:01"
634426,6148,1769,35,7408,1653,7,S,11,|ca-7|ab-11|correct|,1,"2022-01-16 17:10:19"
634425,6148,1734,41,650,1682,7,S,46,|ra-36|qa-43|na-46|correct|,1,"2022-01-16 17:10:05"
634424,2846,1930,96,10911,2174,7,S,71,|qr-66|rr-67|ps-70|correct|,1,"2022-01-16 17:09:17"
634423,6148,1693,39,5169,1570,7,S,16,|eb-16|correct|,1,"2022-01-16 17:09:14"
634422,6148,1654,46,5101,1598,7,S,18,|rs-16|qs-18|correct|,1,"2022-01-16 17:08:54"
634421,6148,1608,45,2093,1497,7,S,15,|bb-11|ab-15|correct|,1,"2022-01-16 17:08:33"
634420,6148,1563,48,10625,1459,7,S,26,|jb-23|ma-25|correct|,1,"2022-01-16 17:08:14"
634419,2846,1834,102,14507,2055,7,S,24,|rs-21|qs-23|rq-24|correct|,1,"2022-01-16 17:08:04"
634418,6148,1515,49,2522,1494,7,S,28,|rs-26|rr-28|correct|,1,"2022-01-16 17:07:44"
634417,2846,1732,115,14577,1981,7,S,68,|ra-67|rc-68|correct|,1,"2022-01-16 17:07:37"
634416,6148,1466,50,2136,1488,7,F,11,,1,"2022-01-16 17:07:13"
634415,6148,1523,56,4990,1368,7,S,9,|eb-7|fa-8|correct|,1,"2022-01-16 17:06:40"
634414,6148,1467,64,2048,1356,7,S,6,|sr-2|ms-5|ps-6|correct|,1,"2022-01-16 17:06:28"
634413,2846,1617,123,5466,1981,7,S,34,|pp-30|oo-31|nr-32|np-34|correct|,1,"2022-01-16 17:06:26"
634412,6148,1403,62,10606,1215,7,S,7,|mr-7|correct|,1,"2022-01-16 17:06:19"
634411,6148,1341,79,7562,1242,7,S,11,|na-8|ob-10|correct|,1,"2022-01-16 17:06:07"
634410,6148,1262,69,2883,1046,7,S,16,|ns-16|correct|,1,"2022-01-16 17:05:53"
634409,2846,1494,0,9676,2120,7,S,27,|ib-25|ja-27|correct|,1,"2022-01-16 17:05:50"
634408,6148,1193,73,15449,935,7,S,4,|hp-3|jo-4|correct|,1,"2022-01-16 17:05:33"
634407,6148,1120,99,15398,927,7,S,6,|od-5|pe-6|correct|,1,"2022-01-16 17:05:26"
634406,2846,1494,71,3137,2286,7,F,323,,1,"2022-01-16 17:05:21"
634405,6148,1021,121,15453,991,7,S,20,|cq-17|cp-19|correct|,1,"2022-01-16 17:05:16"
634404,6148,900,0,4887,971,7,S,5,|ps-4|correct|,1,"2022-01-16 17:04:53"
634403,6148,900,0,4870,975,7,S,6,|ra-6|correct|,1,"2022-01-16 17:04:45"
634402,6148,900,0,10256,950,7,S,25,|qs-24|correct|,1,"2022-01-16 17:04:34"
634401,6148,900,0,15364,914,7,S,10,|dr-5|cs-7|correct|,1,"2022-01-16 17:04:06"
634400,6148,900,0,10300,948,7,S,18,|bq-13|correct|,1,"2022-01-16 17:03:55"
634399,6148,900,,10300,948,,V,,,1,"2022-01-16 17:03:34"
634398,2846,1639,77,11125,2237,7,F,297,,1,"2022-01-16 16:59:45"
634397,2846,1791,0,10717,2231,7,S,63,|cr-59|dr-60|ar-61|bs-63|correct|,1,"2022-01-16 16:54:43"
634396,2846,1791,0,11022,2209,7,S,446,|rc-440|se-442|pe-444|pa-445|correct|,1,"2022-01-16 16:53:37"
634395,2846,1791,,11022,2209,,V,,,1,"2022-01-16 16:46:09"
634394,8043,2081,25,19498,2588,7,F,52,,1,"2022-01-16 16:15:37"
634393,8043,2126,26,17980,2480,7,F,386,,1,"2022-01-16 16:14:38"
634392,8043,2170,50,17996,2521,7,S,98,|bb-92|ab-93|ea-95|af-98|correct|,1,"2022-01-16 16:08:00"
634391,8043,2120,51,11120,2444,7,S,88,|fb-84|ea-85|fb-86|ha-87|correct|,1,"2022-01-16 16:06:19"
634390,8043,2069,54,11132,2518,7,S,1100,|nr-45|nr-1095|mr-1096|ns-1098|nq-1100|correct|,1,"2022-01-16 16:04:47"
634389,8043,2015,30,3455,2422,7,F,17,,1,"2022-01-16 15:45:52"
634388,8043,2068,60,984,2422,7,S,35,|da-27|ea-33|cb-35|correct|,1,"2022-01-16 15:45:27"
634387,3942,1986,,1710,2035,,V,,,1,"2022-01-16 15:44:56"
634386,8043,2008,64,19487,2360,7,S,80,|rc-16|qc-35|rb-75|qa-77|qa-77|ob-79|pb-80|correct|,1,"2022-01-16 15:44:48"
634385,3942,1986,,10182,2035,,V,,,1,"2022-01-16 15:44:11"
634384,3942,1986,,1875,2000,,V,,,1,"2022-01-16 15:43:57"
634383,8043,1944,68,17119,2430,7,S,101,|ap-83|bs-95|dq-98|fs-99|fs-100|ds-101|correct|,1,"2022-01-16 15:43:25"
634382,3942,1986,,4801,1962,,V,,,1,"2022-01-16 15:42:57"
634381,3942,1986,,628,1972,,V,,,1,"2022-01-16 15:42:21"
634380,3942,1986,,7776,2039,,V,,,1,"2022-01-16 15:42:20"
634379,3942,1986,,10313,2016,,V,,,1,"2022-01-16 15:42:07"
634378,8043,1876,36,19473,2451,7,F,100,,1,"2022-01-16 15:41:41"
634377,3942,1986,,7586,2004,,V,,,1,"2022-01-16 15:41:38"
634376,3942,1986,,5260,1973,,V,,,1,"2022-01-16 15:41:27"
634375,3942,1986,,9647,2030,,V,,,1,"2022-01-16 15:41:15"
634374,3942,1986,,10527,1980,,V,,,1,"2022-01-16 15:40:40"
634373,3942,1986,,1745,2069,,V,,,1,"2022-01-16 15:39:51"
634372,3942,1986,,2862,2023,,V,,,1,"2022-01-16 15:39:39"
634371,3942,1986,,2145,2054,,V,,,1,"2022-01-16 15:39:09"
634370,3942,1986,,9471,2011,,V,,,1,"2022-01-16 15:38:53"
634369,8043,1944,38,966,2527,7,F,112,,1,"2022-01-16 15:38:52"
634368,3942,2051,9,10698,2067,7,S,11,|ps-3|qs-8|rr-11|correct|,1,"2022-01-16 15:38:30"
634367,3942,1986,,10698,2067,,V,,,1,"2022-01-16 15:38:15"
634366,3942,1986,,7461,2066,,V,,,1,"2022-01-16 15:37:49"
634365,3942,1986,,2931,2004,,V,,,1,"2022-01-16 15:37:34"
634364,3942,1986,,2274,2053,,V,,,1,"2022-01-16 15:37:13"
634363,8043,2016,40,11126,2518,7,F,1617,,1,"2022-01-16 15:36:41"
634362,3942,1986,,9654,2052,,V,,,1,"2022-01-16 15:36:38"
634361,3942,1986,,3435,2060,,V,,,1,"2022-01-16 15:36:14"
634360,3942,1986,,3451,2067,,V,,,1,"2022-01-16 15:36:06"
634359,3942,1986,,5352,2056,,V,,,1,"2022-01-16 15:35:22"
634358,3942,1986,,7662,1985,,V,,,1,"2022-01-16 15:35:05"
634357,3942,1986,,641,2060,,V,,,1,"2022-01-16 15:34:19"
634356,3942,2046,13,4804,2057,7,F,4,,1,"2022-01-16 15:34:03"
634355,3942,1986,,4804,2057,,V,,,1,"2022-01-16 15:33:53"
634354,3942,1986,,2898,2011,,V,,,1,"2022-01-16 15:33:28"
634353,3942,1986,,4705,2035,,V,,,1,"2022-01-16 15:30:32"
634352,3942,1986,,569,2070,,V,,,1,"2022-01-16 15:29:13"
634351,3942,1986,,7635,2053,,V,,,1,"2022-01-16 15:28:35"
634350,3942,1986,,4706,2045,,V,,,1,"2022-01-16 15:26:38"
634349,3942,1986,,16904,2072,,V,,,1,"2022-01-16 15:20:46"
634348,3942,1986,,4679,2024,,V,,,1,"2022-01-16 15:20:27"
634347,3942,1986,,4788,2093,,V,,,1,"2022-01-16 15:19:57"
634346,3942,1986,,19995,2125,,V,,,1,"2022-01-16 15:18:59"
634345,3942,1986,,10167,2095,,V,,,1,"2022-01-16 15:18:43"
634344,3942,2137,26,7693,2108,7,S,17,|os-12|ps-17|correct|,1,"2022-01-16 15:18:13"
634343,3942,1986,,7693,2108,,V,,,1,"2022-01-16 15:17:52"
634342,3942,1986,,9524,2042,,V,,,1,"2022-01-16 15:17:33"
634341,3942,1986,,16925,2046,,V,,,1,"2022-01-16 15:16:45"
634340,3942,1986,,10768,2022,,V,,,1,"2022-01-16 15:16:04"
634339,3942,1986,,4710,2095,,V,,,1,"2022-01-16 15:15:42"
634338,3942,1986,,10130,2064,,V,,,1,"2022-01-16 15:15:10"
634337,3942,1986,,10164,2052,,V,,,1,"2022-01-16 15:14:45"
634336,533,1723,19,20493,1563,7,F,4,,1,"2022-01-16 14:44:50"
634335,533,1738,17,625,1569,7,S,9,|ba-6|ab-8|correct|,1,"2022-01-16 14:44:43"
634334,533,1819,,625,1569,,V,,,1,"2022-01-16 14:44:28"
634333,533,1819,,2071,1592,,V,,,1,"2022-01-16 14:44:12"
634332,533,1819,,10636,1501,,V,,,1,"2022-01-16 14:44:04"
634331,533,1819,,15501,1543,,V,,,1,"2022-01-16 14:43:30"
634330,533,1819,,2595,1535,,V,,,1,"2022-01-16 14:43:16"
634329,533,1657,22,2522,1494,7,S,8,|rs-6|rr-8|correct|,1,"2022-01-16 14:43:04"
634328,533,1635,22,4917,1487,7,S,5,|rb-5|correct|,1,"2022-01-16 14:42:52"
634327,533,1613,28,7791,1466,7,F,2,,1,"2022-01-16 14:42:45"
634326,533,1819,,7791,1466,,V,,,1,"2022-01-16 14:42:40"
634325,533,1610,30,20291,1542,7,F,7,,1,"2022-01-16 14:42:23"
634324,533,1636,31,2283,1530,7,F,15,,1,"2022-01-16 14:42:13"
634323,533,1664,28,10485,1526,7,S,6,|ba-4|bb-6|correct|,1,"2022-01-16 14:41:53"
634322,533,1819,,10485,1526,,V,,,1,"2022-01-16 14:41:43"
634321,533,1819,,5021,1522,,V,,,1,"2022-01-16 14:41:30"
634320,533,1819,,7322,1557,,V,,,1,"2022-01-16 14:41:19"
634319,533,1666,41,7341,1550,7,F,32,,1,"2022-01-16 14:41:02"
634318,533,1819,,7341,1550,,V,,,1,"2022-01-16 14:40:24"
634317,533,1819,,5188,1591,,V,,,1,"2022-01-16 14:39:56"
634316,533,1819,,7326,1613,,V,,,1,"2022-01-16 14:39:47"
634315,533,1803,38,5129,1620,7,S,12,|bb-12|correct|,1,"2022-01-16 14:39:40"
634314,533,1765,54,20026,1619,7,F,7,,1,"2022-01-16 14:39:22"
634313,533,1819,,20026,1619,,V,,,1,"2022-01-16 14:39:12"
634312,533,1760,62,2743,1627,7,F,12,,1,"2022-01-16 14:38:52"
634311,533,1815,57,277,1671,7,S,18,|ds-15|cs-17|correct|,1,"2022-01-16 14:38:37"
634310,533,1819,,277,1671,,V,,,1,"2022-01-16 14:38:15"
634309,533,1819,,2065,1702,,V,,,1,"2022-01-16 14:37:59"
634308,263,2855,12,9536,2325,7,S,25,|pa-19|na-24|correct|,1,"2022-01-16 14:02:41"
634307,263,2843,20,19487,2360,7,S,52,|bb-24|cc-41|bb-50|bd-51|correct|,1,"2022-01-16 14:02:13"
634306,263,2823,19,9576,2323,7,S,10,|or-4|nr-8|os-9|correct|,1,"2022-01-16 14:01:16"
634305,263,2789,,9576,2323,,V,,,1,"2022-01-16 14:00:58"
634304,263,2789,,10951,2294,,V,,,1,"2022-01-16 13:59:47"
634303,8043,2085,42,17087,2590,7,F,260,,1,"2022-01-16 13:58:44"
634302,8043,2158,44,19497,2546,7,F,232,,1,"2022-01-16 13:54:07"
634301,8043,2239,92,20393,2714,7,S,95,|ca-56|ad-91|ba-94|correct|,1,"2022-01-16 13:50:10"
634300,8043,2147,50,3061,2570,7,F,687,,1,"2022-01-16 13:48:32"
634299,6735,1737,36,19952,1752,7,F,19,,1,"2022-01-16 13:24:39"
634298,6735,1778,44,973,1834,7,S,9,|fa-4|ec-9|correct|,1,"2022-01-16 13:24:16"
634297,6735,1734,40,10496,1892,7,F,30,,1,"2022-01-16 13:24:03"
634296,6735,1789,57,19989,1815,7,S,106,|ls-91|lr-102|ns-104|ln-105|correct|,1,"2022-01-16 13:23:27"
634295,6735,1732,65,2285,1801,7,S,7,|ba-5|ac-7|correct|,1,"2022-01-16 13:21:38"
634294,6735,1667,65,10641,1690,7,S,9,|eb-4|ab-8|correct|,1,"2022-01-16 13:21:26"
634293,6735,1602,67,11003,1600,7,S,38,|qs-7|sq-11|rr-31|qs-34|rs-37|correct|,1,"2022-01-16 13:21:13"
634292,6735,1535,69,2653,1641,7,S,10,|qs-3|ps-10|correct|,1,"2022-01-16 13:20:31"
634291,6735,1466,56,9473,1443,7,F,14,,1,"2022-01-16 13:20:17"
634290,6735,1526,68,5193,1403,7,S,6,|qb-4|qc-5|correct|,1,"2022-01-16 13:19:56"
634289,6735,1458,66,10859,1270,7,S,28,|eb-27|ea-28|correct|,1,"2022-01-16 13:19:47"
634288,6735,1392,75,15500,1200,7,S,3,|jb-2|ic-3|correct|,1,"2022-01-16 13:19:15"
634287,6735,1317,96,15428,1207,7,S,11,|nf-7|oe-8|oc-11|correct|,1,"2022-01-16 13:19:08"
634286,6735,1221,96,15408,1040,7,S,12,|pc-10|rc-12|correct|,1,"2022-01-16 13:18:54"
634285,6735,1125,106,15364,914,7,S,11,|db-8|ca-11|correct|,1,"2022-01-16 13:18:39"
634284,6735,1019,119,10223,908,7,S,47,|rs-47|correct|,1,"2022-01-16 13:18:24"
634283,6735,900,0,4906,953,7,S,12,|ns-11|nr-12|correct|,1,"2022-01-16 13:17:33"
634282,6735,900,0,10592,969,7,S,5,|or-5|correct|,1,"2022-01-16 13:17:16"
634281,6735,900,0,10230,920,7,S,6,|qa-6|correct|,1,"2022-01-16 13:17:08"
634280,6735,900,,10230,920,,V,,,1,"2022-01-16 13:16:58"
634279,3762,1619,,7654,2070,,V,,,1,"2022-01-16 13:13:44"
634278,3762,1619,,626,2009,,V,,,1,"2022-01-16 13:13:27"
634277,3762,1619,,10515,2061,,V,,,1,"2022-01-16 13:12:50"
634276,3762,1619,,3446,2026,,V,,,1,"2022-01-16 13:12:28"
634275,3762,1619,,11084,2074,,V,,,1,"2022-01-16 13:12:04"
634274,3762,1619,,19337,1985,,V,,,1,"2022-01-16 13:11:44"
634273,3762,1619,,10524,2032,,V,,,1,"2022-01-16 13:11:02"
634272,3762,1619,,2601,2027,,V,,,1,"2022-01-16 13:10:27"
634271,3762,1619,,3428,2032,,V,,,1,"2022-01-16 13:10:14"
634270,3762,1619,,5332,1990,,V,,,1,"2022-01-16 13:09:48"
634269,3762,1619,,7421,2009,,V,,,1,"2022-01-16 13:09:20"
634268,3762,1619,,2683,2033,,V,,,1,"2022-01-16 13:08:51"
634267,3762,1619,,637,1964,,V,,,1,"2022-01-16 13:08:16"
634266,3762,1619,,2442,1979,,V,,,1,"2022-01-16 13:08:03"
634265,3762,1619,,14442,1994,,V,,,1,"2022-01-16 13:07:31"
634264,3762,1619,,5290,1980,,V,,,1,"2022-01-16 13:06:45"
634263,3762,1619,,2451,2066,,V,,,1,"2022-01-16 13:06:21"
634262,3762,1619,,654,2039,,V,,,1,"2022-01-16 13:06:08"
634261,3762,1619,,10675,1962,,V,,,1,"2022-01-16 13:05:50"
634260,3762,1619,,10699,2016,,V,,,1,"2022-01-16 13:05:12"
634259,3762,1619,,2911,1962,,V,,,1,"2022-01-16 13:04:43"
634258,3762,1619,,7318,1940,,V,,,1,"2022-01-16 13:04:14"
634257,3762,1619,,10326,1972,,V,,,1,"2022-01-16 13:04:02"
634256,3762,1619,,10470,2037,,V,,,1,"2022-01-16 13:03:36"
634255,3762,1619,,10314,2044,,V,,,1,"2022-01-16 13:03:15"
634254,3762,1619,,640,2034,,V,,,1,"2022-01-16 13:02:36"
634253,3762,1619,,1720,2050,,V,,,1,"2022-01-16 13:02:16"
634252,3762,1619,,2976,2037,,V,,,1,"2022-01-16 13:01:52"
634251,3762,1619,,10466,2087,,V,,,1,"2022-01-16 13:01:32"
634250,3762,1619,,10333,2078,,V,,,1,"2022-01-16 13:00:51"
634249,3762,1619,,3064,2079,,V,,,1,"2022-01-16 13:00:25"
634248,8043,2242,101,17046,2457,7,S,97,|ds-26|aq-53|ds-87|bs-95|cr-96|correct|,1,"2022-01-16 12:56:24"
634247,8043,2141,114,17131,2383,7,S,18,|bq-11|es-16|bs-17|correct|,1,"2022-01-16 12:54:45"
634246,8043,2027,119,15744,2230,7,S,28,|fb-7|db-19|ea-24|ha-28|correct|,1,"2022-01-16 12:54:24"
634245,8043,1908,125,11113,2206,7,S,13,|js-9|ls-11|lr-13|correct|,1,"2022-01-16 12:53:53"
634244,8043,1783,0,10845,2430,7,S,567,|sp-563|rq-566|qs-567|correct|,1,"2022-01-16 12:53:32"
634243,3762,1619,,20062,2030,,V,,,1,"2022-01-16 12:52:15"
634242,3762,1619,,10475,1997,,V,,,1,"2022-01-16 12:51:51"
634241,3762,1619,,2730,2004,,V,,,1,"2022-01-16 12:51:15"
634240,3762,1619,,3467,1988,,V,,,1,"2022-01-16 12:50:48"
634239,3762,1619,,7447,1952,,V,,,1,"2022-01-16 12:50:30"
634238,3762,1619,,3445,1976,,V,,,1,"2022-01-16 12:50:10"
634237,3762,1619,,7722,1996,,V,,,1,"2022-01-16 12:49:55"
634236,3762,1619,,2793,1983,,V,,,1,"2022-01-16 12:49:45"
634235,8043,1783,77,17993,2521,7,F,167,,1,"2022-01-16 12:43:36"
634234,8043,1933,84,20071,2556,7,F,61,,1,"2022-01-16 12:40:45"
634233,8043,2088,,20071,2556,,V,,,1,"2022-01-16 12:39:36"
634232,3762,1619,,3465,1976,,V,,,1,"2022-01-16 11:30:04"
634231,3762,1619,,5293,1963,,V,,,1,"2022-01-16 11:29:34"
634230,3762,1619,,7544,2011,,V,,,1,"2022-01-16 11:29:13"
634229,3762,1619,,9677,1941,,V,,,1,"2022-01-16 11:28:44"
634228,3762,1619,,3084,1969,,V,,,1,"2022-01-16 11:28:21"
634227,3762,1619,,9615,1997,,V,,,1,"2022-01-16 11:27:40"
634226,3762,1619,,10679,1981,,V,,,1,"2022-01-16 11:27:15"
634225,3762,1619,,14467,1977,,V,,,1,"2022-01-16 11:26:36"
634224,3762,1619,,2411,1976,,V,,,1,"2022-01-16 11:26:07"
634223,3762,1619,,2981,1926,,V,,,1,"2022-01-16 11:25:50"
634222,3762,1619,,1730,1921,,V,,,1,"2022-01-16 11:25:24"
634221,3762,1619,,4676,1984,,V,,,1,"2022-01-16 11:24:52"
634220,3762,1619,,5136,1997,,V,,,1,"2022-01-16 11:24:24"
634219,3762,1619,,10330,2014,,V,,,1,"2022-01-16 11:23:38"
634218,3762,1619,,2701,2004,,V,,,1,"2022-01-16 11:23:09"
634217,3762,1619,,7734,2026,,V,,,1,"2022-01-16 11:22:48"
634216,9380,2128,79,5357,2040,7,S,288,|ls-268|ps-288|correct|,1,"2022-01-16 11:22:44"
634215,3762,1619,,2701,2004,,V,,,1,"2022-01-16 11:22:20"
634214,3762,1619,,10350,1959,,V,,,1,"2022-01-16 11:21:45"
634213,3762,1619,,7624,2037,,V,,,1,"2022-01-16 11:21:20"
634212,3762,1619,,16939,1999,,V,,,1,"2022-01-16 11:20:56"
634211,3762,1619,,10721,2020,,V,,,1,"2022-01-16 11:20:31"
634210,3762,1619,,654,2032,,V,,,1,"2022-01-16 11:19:53"
634209,3762,1619,,2031,2022,,V,,,1,"2022-01-16 11:19:36"
634208,9380,1852,,5357,2040,,V,,,1,"2022-01-16 11:17:34"
634207,9380,1852,,9489,2079,,V,,,1,"2022-01-16 11:17:26"
634206,9380,1852,,5474,2066,,V,,,1,"2022-01-16 11:16:34"
634205,9380,1852,,7751,2074,,V,,,1,"2022-01-16 11:16:27"
634204,9380,1852,,1878,2078,,V,,,1,"2022-01-16 11:16:15"
634203,9380,1852,,642,2095,,V,,,1,"2022-01-16 11:16:02"
634202,9380,1852,,2145,2054,,V,,,1,"2022-01-16 11:15:39"
634201,9380,1852,,10466,2087,,V,,,1,"2022-01-16 11:15:25"
634200,9380,1852,,15737,2068,,V,,,1,"2022-01-16 11:15:00"
634199,9380,1852,,11041,2049,,V,,,1,"2022-01-16 11:14:48"
634198,9380,1852,,10528,2065,,V,,,1,"2022-01-16 11:14:28"
634197,9380,1852,,5310,2004,,V,,,1,"2022-01-16 11:09:57"
634196,9380,1852,,2618,2053,,V,,,1,"2022-01-16 11:07:59"
634195,9380,2049,103,10664,1885,7,S,294,|cs-287|dr-293|correct|,1,"2022-01-16 11:02:47"
634194,9380,1946,94,2054,1833,7,S,252,|rr-209|os-251|correct|,1,"2022-01-16 10:57:36"
634193,9380,1852,,2054,1833,,V,,,1,"2022-01-16 10:52:45"
634192,9380,1852,,2994,1870,,V,,,1,"2022-01-16 10:50:38"
634191,1688,2315,8,10733,2267,7,S,37,|ps-25|ro-33|rp-34|rs-37|correct|,1,"2022-01-16 10:40:48"
634190,1688,2307,9,3148,2265,7,S,141,|eq-136|cs-139|fs-140|correct|,1,"2022-01-16 10:40:02"
634189,1688,2298,9,3148,2265,7,S,141,|eq-136|cs-139|fs-140|correct|,1,"2022-01-16 10:39:58"
634188,1688,2289,9,9605,2283,7,S,113,|bb-111|ba-112|correct|,1,"2022-01-16 10:37:34"
634187,1688,2280,9,10802,2244,7,F,41,,1,"2022-01-16 10:35:36"
634186,1688,2288,9,7696,2280,7,S,118,|bc-115|dc-116|ab-118|correct|,1,"2022-01-16 10:34:51"
634185,1688,2279,9,17040,2295,7,S,21,|ps-4|nr-5|qq-21|correct|,1,"2022-01-16 10:32:49"
634184,1688,2270,9,7681,2238,7,S,34,|bc-32|ba-33|correct|,1,"2022-01-16 10:32:22"
634183,1688,2261,9,10949,2273,7,S,99,|cs-92|cq-95|fq-98|correct|,1,"2022-01-16 10:31:45"
634182,1688,2252,9,14445,2233,7,S,125,|bb-123|ab-124|ba-125|correct|,1,"2022-01-16 10:30:03"
634181,1688,2243,9,3414,2180,7,S,71,|sb-60|qa-69|ra-70|correct|,1,"2022-01-16 10:27:54"
634180,1688,2234,10,17050,2187,7,S,60,|rp-53|os-56|sr-57|ps-59|rr-60|correct|,1,"2022-01-16 10:26:38"
634179,1688,2224,13,11047,2238,7,S,42,|rc-40|rf-41|correct|,1,"2022-01-16 10:25:33"
634178,1688,2211,13,5467,2207,7,S,135,|qp-94|pq-130|oq-134|correct|,1,"2022-01-16 10:24:47"
634177,1688,2198,12,16908,2244,7,F,68,,1,"2022-01-16 10:22:29"
634176,1688,2213,14,10152,2163,7,S,131,|pr-127|pq-128|ns-129|or-130|correct|,1,"2022-01-16 10:21:15"
634175,1688,2199,15,10756,2152,7,S,55,|bb-52|ba-53|ca-54|correct|,1,"2022-01-16 10:19:01"
634174,1688,2184,15,3143,2102,7,S,48,|ar-26|er-48|correct|,1,"2022-01-16 10:18:01"
634173,1688,2169,18,2001,2137,7,S,59,|cs-56|bp-57|ds-58|bq-59|correct|,1,"2022-01-16 10:17:10"
634172,1688,2151,17,7432,2071,7,S,103,|ea-99|eb-103|correct|,1,"2022-01-16 10:16:08"
634171,1688,2134,20,7441,2100,7,S,22,|ea-21|ia-21|correct|,1,"2022-01-16 10:14:18"
634170,1688,2114,22,10744,2118,7,S,89,|rr-51|sr-75|rr-87|os-88|correct|,1,"2022-01-16 10:13:52"
634169,1688,2092,22,2808,2084,7,S,82,|oa-72|qb-74|qc-79|pa-81|correct|,1,"2022-01-16 10:12:21"
634168,6262,2190,,3462,2061,,V,,,1,"2022-01-16 10:12:05"
634167,6262,2104,22,7432,2071,7,S,38,|os-26|ns-38|correct|,1,"2022-01-16 10:11:42"
634166,1688,2070,21,7643,2058,7,F,17,,1,"2022-01-16 10:10:54"
634165,1688,2092,22,10170,2009,7,S,20,|cq-17|es-18|as-20|correct|,1,"2022-01-16 10:10:29"
634164,1688,2070,26,10119,2050,7,S,37,|nr-32|os-37|correct|,1,"2022-01-16 10:10:06"
634163,1688,2044,25,2079,1982,7,S,10,|da-7|aa-9|correct|,1,"2022-01-16 10:09:26"
634162,1688,2019,29,3412,2002,7,S,85,|ca-83|bb-84|correct|,1,"2022-01-16 10:09:13"
634161,1688,1990,29,2444,1971,7,S,42,|ps-39|or-41|qr-42|correct|,1,"2022-01-16 10:07:45"
634160,1688,1961,27,5254,1857,7,S,44,|hb-41|ad-42|ae-44|correct|,1,"2022-01-16 10:06:56"
634159,1688,1934,32,5279,1919,7,S,23,|pc-21|pa-22|oa-23|correct|,1,"2022-01-16 10:06:08"
634158,1688,1902,30,7386,1823,7,S,21,|rb-16|rc-19|qa-20|correct|,1,"2022-01-16 10:05:31"
634157,1688,1872,31,5266,1786,7,S,7,|cq-3|br-6|dr-7|correct|,1,"2022-01-16 10:05:08"
634156,1688,1841,36,20051,1820,7,S,174,|qb-170|pb-172|qd-173|correct|,1,"2022-01-16 10:04:57"
634155,6262,2190,,7432,2071,,V,,,1,"2022-01-16 10:02:44"
634154,6262,2190,,5321,2072,,V,,,1,"2022-01-16 10:02:27"
634153,6262,2190,,15732,2009,,V,,,1,"2022-01-16 10:02:11"
634152,1688,1805,35,5473,1791,7,S,17,|dp-15|cp-16|correct|,1,"2022-01-16 10:01:56"
634151,6262,2190,,5285,2037,,V,,,1,"2022-01-16 10:01:55"
634150,6262,2190,,11013,2055,,V,,,1,"2022-01-16 10:01:51"
634148,6262,2190,,10197,2092,,V,,,1,"2022-01-16 10:01:36"
634149,1688,1770,34,543,1757,7,F,42,,1,"2022-01-16 10:01:36"
634147,6262,2113,31,9489,2079,7,S,25,|qb-24|correct|,1,"2022-01-16 10:01:21"
634146,6262,2082,28,10174,2038,7,S,6,|pr-4|os-6|correct|,1,"2022-01-16 10:00:53"
634145,6262,2190,,10174,2038,,V,,,1,"2022-01-16 10:00:44"
634144,1688,1807,40,10329,1815,7,S,35,|cb-35|correct|,1,"2022-01-16 10:00:40"
634143,6262,2190,,19481,2097,,V,,,1,"2022-01-16 10:00:34"
634141,6262,2093,34,3105,2154,7,F,8,,1,"2022-01-16 10:00:17"
634142,6262,2190,,10850,2067,,V,,,1,"2022-01-16 10:00:17"
634140,6262,2190,,3105,2154,,V,,,1,"2022-01-16 10:00:06"
634139,1688,1767,38,20141,1731,7,F,5,,1,"2022-01-16 10:00:02"
634138,6262,2167,38,10709,2176,7,F,14,,1,"2022-01-16 09:59:55"
634137,1688,1806,45,9673,1738,7,S,8,|eb-6|ea-7|correct|,1,"2022-01-16 09:59:45"
634136,6262,2190,,10709,2176,,V,,,1,"2022-01-16 09:59:38"
634135,1688,1761,47,5258,1676,7,S,21,|ra-17|pa-20|pa-21|correct|,1,"2022-01-16 09:59:35"
634134,6262,2190,,14557,2202,,V,,,1,"2022-01-16 09:59:25"
634133,1688,1714,51,20063,1640,7,S,38,|dq-15|dr-35|br-37|correct|,1,"2022-01-16 09:59:11"
634132,1688,1663,51,2416,1550,7,S,13,|ar-12|cs-13|correct|,1,"2022-01-16 09:58:29"
634131,1688,1612,55,7359,1501,7,S,32,|cb-30|cc-32|correct|,1,"2022-01-16 09:58:13"
634130,1688,1557,61,5015,1466,7,S,4,|fa-3|cd-4|correct|,1,"2022-01-16 09:57:37"
634129,1688,1496,61,10454,1368,7,S,10,|sr-9|qr-10|correct|,1,"2022-01-16 09:57:30"
634128,1688,1435,61,4991,1255,7,S,4,|ps-4|correct|,1,"2022-01-16 09:57:17"
634127,1688,1374,74,10590,1235,7,S,3,|es-3|correct|,1,"2022-01-16 09:57:10"
634126,1688,1300,88,4893,1198,7,S,3,|ra-3|correct|,1,"2022-01-16 09:57:03"
634125,1688,1212,90,10266,1055,7,S,3,|ha-1|ia-3|correct|,1,"2022-01-16 09:56:57"
634124,1688,1122,103,10435,963,7,S,6,|hf-5|correct|,1,"2022-01-16 09:56:52"
634123,1688,1019,119,10587,991,7,S,3,|pp-3|correct|,1,"2022-01-16 09:56:43"
634122,1688,900,0,10246,998,7,S,2,|pa-2|correct|,1,"2022-01-16 09:56:38"
634121,1688,900,0,15377,998,7,S,5,|em-3|fm-4|gm-5|correct|,1,"2022-01-16 09:56:32"
634120,1688,900,0,15367,941,7,S,4,|ke-2|jf-3|correct|,1,"2022-01-16 09:56:25"
634119,1688,900,0,15410,942,7,S,11,|pp-9|rq-11|correct|,1,"2022-01-16 09:56:18"
634118,1688,900,,15410,942,,V,,,1,"2022-01-16 09:56:03"
634117,3942,1986,,613,2079,,V,,,1,"2022-01-16 09:41:44"
634116,3942,1986,,4675,2064,,V,,,1,"2022-01-16 09:41:24"
634115,3942,1986,,10831,2016,,V,,,1,"2022-01-16 09:40:50"
634114,3942,1986,,5335,2051,,V,,,1,"2022-01-16 09:40:38"
634113,3942,1986,,546,2008,,V,,,1,"2022-01-16 09:38:50"
634112,3942,1986,,10697,1952,,V,,,1,"2022-01-16 09:38:22"
634111,3942,1986,,9684,2016,,V,,,1,"2022-01-16 09:38:06"
634110,3942,1986,,496,1971,,V,,,1,"2022-01-16 09:37:48"
634109,9424,900,,15448,921,,V,,,1,"2022-01-16 09:27:59"
634108,3942,1986,,4690,1955,,V,,,1,"2022-01-16 09:14:00"
634107,6262,2214,44,17057,2181,7,F,64,,1,"2022-01-16 08:56:41"
634106,6262,2190,,17057,2181,,V,,,1,"2022-01-16 08:55:30"
634105,6262,2209,59,10798,2245,7,S,27,|ob-13|na-17|oa-27|correct|,1,"2022-01-16 08:55:18"
634104,6262,2150,53,10941,2223,7,F,7,,1,"2022-01-16 08:54:48"
634103,6262,2190,,10941,2223,,V,,,1,"2022-01-16 08:54:37"
634102,6262,2263,62,10772,2088,7,S,64,|qr-26|qr-61|rs-62|sq-64|correct|,1,"2022-01-16 08:54:22"
634101,6262,2190,,10772,2088,,V,,,1,"2022-01-16 08:53:15"
634100,6262,2190,,10499,2029,,V,,,1,"2022-01-16 08:52:53"
634099,6262,2190,,3129,2130,,V,,,1,"2022-01-16 08:52:12"
634098,6262,2145,83,1884,2183,7,F,67,,1,"2022-01-16 08:52:00"
634097,6262,2248,60,10852,2383,7,S,16,,1,"2022-01-16 08:50:48"
634096,7237,900,0,4898,1228,7,S,24,|ea-23|correct|,1,"2022-01-16 08:35:22"
634095,7237,900,0,2139,1397,7,S,15,|ar-8|bs-14|correct|,1,"2022-01-16 08:34:55"
634094,7237,900,0,4999,1312,7,S,14,|rr-14|correct|,1,"2022-01-16 08:34:38"
634093,7237,900,0,2111,1376,7,S,13,|ab-11|ba-13|correct|,1,"2022-01-16 08:34:20"
634092,7237,900,0,5008,1361,7,S,10,|sr-8|ps-10|correct|,1,"2022-01-16 08:33:53"
634091,7237,900,0,2796,1305,7,S,9,|qq-8|qs-9|correct|,1,"2022-01-16 08:33:40"
634090,7237,900,0,4959,1389,7,S,21,|oq-19|or-21|correct|,1,"2022-01-16 08:33:24"
634089,7237,900,,4959,1389,,V,,,1,"2022-01-16 08:33:00"
634088,7445,2607,,17138,2518,,V,,,1,"2022-01-16 08:21:40"
634087,7445,2607,,20258,2514,,V,,,1,"2022-01-16 08:21:28"
634086,7445,2607,,17991,2616,,V,,,1,"2022-01-16 08:21:24"
634085,7445,2607,,19994,2518,,V,,,1,"2022-01-16 08:21:13"
634084,7445,2604,47,977,2640,7,F,39,,1,"2022-01-16 08:21:09"
634083,7445,2607,,977,2640,,V,,,1,"2022-01-16 08:20:27"
634082,7445,2607,,20313,2707,,V,,,1,"2022-01-16 08:20:21"
634081,7445,2607,,19329,2616,,V,,,1,"2022-01-16 08:20:18"
634080,7445,2607,,3436,2586,,V,,,1,"2022-01-16 08:19:10"
634079,7445,2607,,1738,2648,,V,,,1,"2022-01-16 08:19:06"
634078,7445,2607,,18379,2595,,V,,,1,"2022-01-16 08:18:53"
634077,7445,2607,,18370,2696,,V,,,1,"2022-01-16 08:18:44"
634076,7445,2607,,17991,2616,,V,,,1,"2022-01-16 08:18:36"
634075,7445,2607,,20114,2570,,V,,,1,"2022-01-16 08:18:27"
634074,7445,2607,,17969,2644,,V,,,1,"2022-01-16 08:18:18"
634073,7445,2652,47,17972,2546,7,S,12,|rs-7|sp-9|qs-11|correct|,1,"2022-01-16 08:18:13"
634072,7445,2607,,17972,2546,,V,,,1,"2022-01-16 08:17:58"
634071,7445,2607,,17189,2518,,V,,,1,"2022-01-16 08:17:54"
634070,7445,2607,,20068,2563,,V,,,1,"2022-01-16 08:17:49"
634069,7445,2607,,17039,2587,,V,,,1,"2022-01-16 08:14:49"
634068,7445,2607,,18383,2532,,V,,,1,"2022-01-16 08:14:25"
634067,7445,2607,,18375,2560,,V,,,1,"2022-01-16 08:13:09"
634066,7445,2607,,18514,2560,,V,,,1,"2022-01-16 08:13:04"
634065,7445,2607,,10851,2482,,V,,,1,"2022-01-16 08:12:58"
634064,7445,2607,,19321,2500,,V,,,1,"2022-01-16 08:12:43"
634063,7445,2607,,19344,2500,,V,,,1,"2022-01-16 08:12:07"
634062,7445,2607,,18529,2511,,V,,,1,"2022-01-16 08:12:03"
634061,7445,2549,64,17758,2532,7,F,13,,1,"2022-01-16 08:11:48"
634060,7445,2607,,17758,2532,,V,,,1,"2022-01-16 08:11:31"
634059,7445,2607,,17970,2530,,V,,,1,"2022-01-16 08:11:26"
634058,7445,2607,,17987,2581,,V,,,1,"2022-01-16 08:11:20"
634057,3762,1619,,10551,2038,,V,,,1,"2022-01-16 07:52:59"
634056,3762,1619,,4677,2001,,V,,,1,"2022-01-16 07:52:20"
634055,3762,1619,,272,1921,,V,,,1,"2022-01-16 07:51:53"
634053,3762,1619,,7669,2047,,V,,,1,"2022-01-16 07:51:14"
634054,3762,1619,,9662,2029,,V,,,1,"2022-01-16 07:51:14"
634051,3762,1619,,3118,2068,,V,,,1,"2022-01-16 07:50:45"
634052,9170,1479,,2502,1394,,V,,,1,"2022-01-16 07:50:45"
634050,9170,1479,,2745,1445,,V,,,1,"2022-01-16 07:50:22"
634048,3762,1619,,5343,2072,,V,,,1,"2022-01-16 07:50:12"
634049,9170,1479,,9448,1417,,V,,,1,"2022-01-16 07:50:12"
634047,9170,1479,,2291,1519,,V,,,1,"2022-01-16 07:49:59"
634046,9170,1479,,10645,1452,,V,,,1,"2022-01-16 07:49:51"
634045,3762,1619,,10721,2020,,V,,,1,"2022-01-16 07:49:40"
634044,9170,1479,,2447,1418,,V,,,1,"2022-01-16 07:49:27"
634043,3762,1619,,10489,2017,,V,,,1,"2022-01-16 07:49:19"
634042,9170,1479,,7305,1487,,V,,,1,"2022-01-16 07:49:08"
634041,9170,1479,,7379,1389,,V,,,1,"2022-01-16 07:48:56"
634040,3762,1619,,16924,1997,,V,,,1,"2022-01-16 07:48:52"
634039,9170,1479,,7369,1480,,V,,,1,"2022-01-16 07:48:47"
634038,9170,1479,,5274,1431,,V,,,1,"2022-01-16 07:48:33"
634037,3762,1619,,3445,1976,,V,,,1,"2022-01-16 07:48:30"
634036,9170,1479,,2700,1464,,V,,,1,"2022-01-16 07:48:19"
634035,9170,1434,38,10644,1445,7,F,9,,1,"2022-01-16 07:48:04"
634034,3762,1619,,5147,1884,,V,,,1,"2022-01-16 07:47:53"
634033,9170,1479,,10644,1445,,V,,,1,"2022-01-16 07:47:52"
634032,3762,1619,,457,1987,,V,,,1,"2022-01-16 07:47:37"
634031,9170,1479,,2429,1482,,V,,,1,"2022-01-16 07:47:34"
634030,9170,1478,44,5005,1585,7,F,16,,1,"2022-01-16 07:47:24"
634029,3762,1619,,7360,1914,,V,,,1,"2022-01-16 07:47:20"
634028,9170,1527,47,2778,1550,7,F,15,,1,"2022-01-16 07:47:05"
634027,9170,1581,60,2435,1506,7,S,14,|cb-6|da-14|correct|,1,"2022-01-16 07:46:47"
634026,3762,1619,,5251,1981,,V,,,1,"2022-01-16 07:46:40"
634025,9170,1479,,2435,1506,,V,,,1,"2022-01-16 07:46:30"
634024,9170,1479,,7328,1410,,V,,,1,"2022-01-16 07:46:13"
634023,3762,1619,,250,1926,,V,,,1,"2022-01-16 07:46:11"
634022,9170,1479,,7791,1466,,V,,,1,"2022-01-16 07:46:07"
634021,9170,1479,,3032,1501,,V,,,1,"2022-01-16 07:45:44"
634020,3762,1619,,10840,1977,,V,,,1,"2022-01-16 07:45:24"
634019,9170,1479,,2858,1486,,V,,,1,"2022-01-16 07:45:14"
634018,3762,1619,,4759,2046,,V,,,1,"2022-01-16 07:45:03"
634017,9170,1479,,4886,1354,,V,,,1,"2022-01-16 07:44:58"
634016,9170,1479,,2591,1473,,V,,,1,"2022-01-16 07:44:40"
634015,3762,1619,,1679,2086,,V,,,1,"2022-01-16 07:44:23"
634014,9170,1474,91,20559,1521,7,F,13,,1,"2022-01-16 07:43:48"
634013,3762,1619,,16902,2083,,V,,,1,"2022-01-16 07:43:42"
634012,9170,1586,107,7721,1494,7,S,10,|rs-10|correct|,1,"2022-01-16 07:43:30"
634011,9170,1479,,7721,1494,,V,,,1,"2022-01-16 07:43:16"
634010,3762,1619,,991,2089,,V,,,1,"2022-01-16 07:43:00"
634009,3762,1619,,9608,1984,,V,,,1,"2022-01-16 07:42:29"
634008,3762,1619,,11041,2049,,V,,,1,"2022-01-16 07:41:18"
634007,3762,1619,,16905,2181,,V,,,1,"2022-01-16 07:41:00"
634006,3762,1619,,3464,2060,,V,,,1,"2022-01-16 07:40:31"
634005,3762,1619,,9620,2079,,V,,,1,"2022-01-16 07:39:52"
634004,9356,2687,2,9534,2198,7,S,76,|ds-73|es-76|correct|,1,"2022-01-16 07:38:33"
634003,9356,2685,2,9571,2233,7,S,13,|ps-8|sr-12|qs-12|correct|,1,"2022-01-16 07:37:14"
634002,9356,2683,2,3407,2215,7,S,34,|sr-32|ps-33|oq-33|correct|,1,"2022-01-16 07:36:58"
634001,9356,2681,2,595,2187,7,S,23,|ss-10|sq-22|qr-23|correct|,1,"2022-01-16 07:36:22"
634000,9356,2679,2,9601,2188,7,S,38,|fa-37|ca-38|correct|,1,"2022-01-16 07:35:56"
633999,9356,2677,2,14441,2188,7,S,14,|bb-12|ab-13|correct|,1,"2022-01-16 07:35:15"
633998,9356,2675,2,14528,2188,7,S,67,|ad-30|fa-61|be-63|dd-66|ab-66|correct|,1,"2022-01-16 07:34:58"
633997,9356,2673,3,14456,2243,7,S,16,|dr-10|bq-14|ar-15|correct|,1,"2022-01-16 07:33:46"
633996,9356,2670,2,10926,2209,7,S,35,|bc-23|cc-32|dc-35|correct|,1,"2022-01-16 07:33:27"
633995,9356,2668,10,14498,2247,7,F,36,,1,"2022-01-16 07:32:45"
633994,9356,2672,3,14575,2230,7,S,385,|ap-331|cr-370|aq-376|ds-383|bs-384|correct|,1,"2022-01-16 07:32:04"
633993,9356,2669,12,9512,2230,7,F,39,,1,"2022-01-16 06:58:53"
633992,9356,2673,4,10180,2237,7,S,137,|cs-75|ds-128|aq-137|correct|,1,"2022-01-16 06:58:10"
633991,9356,2669,3,10742,2174,7,S,19,|ba-15|fa-16|eb-18|correct|,1,"2022-01-16 06:55:49"
633990,9356,2666,15,17749,2265,7,F,74,,1,"2022-01-16 06:55:27"
633989,9356,2671,16,11022,2202,7,F,475,,1,"2022-01-16 06:54:11"
633988,9356,2675,5,4767,2231,7,S,21,|da-9|fb-12|gc-19|ha-20|correct|,1,"2022-01-16 06:46:11"
633987,9356,2670,3,11102,2168,7,S,26,|fa-24|db-24|dc-26|correct|,1,"2022-01-16 06:45:46"
633986,9356,2667,4,7638,2180,7,S,19,|dc-15|da-16|fb-19|correct|,1,"2022-01-16 06:45:18"
633985,9356,2663,20,14515,2182,7,F,41,,1,"2022-01-16 06:44:56"
633984,9356,2667,5,7680,2202,7,S,38,|sb-36|qc-37|correct|,1,"2022-01-16 06:42:42"
633983,9356,2662,22,1749,2195,7,F,23,,1,"2022-01-16 06:42:01"
633982,9356,2667,7,19949,2216,7,S,42,|oa-36|qa-38|mb-42|correct|,1,"2022-01-16 06:41:35"
633981,9356,2660,8,14555,2244,7,S,83,|bq-76|aq-82|correct|,1,"2022-01-16 06:40:49"
633980,9356,2652,6,570,2180,7,S,40,|ps-36|sr-37|sp-39|correct|,1,"2022-01-16 06:39:23"
633979,9356,2646,26,10814,2160,7,F,37,,1,"2022-01-16 06:38:40"
633978,9356,2651,6,10786,2157,7,S,63,|cc-60|bb-60|ca-61|da-62|ac-62|correct|,1,"2022-01-16 06:38:01"
633977,9356,2645,8,990,2202,7,S,30,|oe-17|nd-29|pd-30|correct|,1,"2022-01-16 06:36:55"
633976,9356,2637,5,10775,2125,7,S,103,|cp-100|ds-101|ar-103|correct|,1,"2022-01-16 06:36:22"
633975,9356,2632,9,2714,2187,7,S,23,|oa-20|qb-21|qa-22|correct|,1,"2022-01-16 06:34:36"
633974,9356,2623,8,14496,2160,7,S,36,|cr-33|ds-35|ds-36|correct|,1,"2022-01-16 06:34:11"
633973,9356,2615,32,11122,2121,7,F,10,,1,"2022-01-16 06:33:32"
633972,9356,2622,11,7661,2200,7,S,34,|fs-28|ar-34|correct|,1,"2022-01-16 06:33:10"
633971,9356,2611,36,19915,2118,7,F,326,,1,"2022-01-16 06:32:32"
633970,9356,2618,8,7453,2142,7,S,24,|sr-22|qs-24|correct|,1,"2022-01-16 06:27:02"
633969,9356,2610,40,1884,2176,7,F,115,,1,"2022-01-16 06:26:36"
633968,9356,2622,13,3444,2186,7,S,61,|qs-55|rs-58|rs-59|pr-60|correct|,1,"2022-01-16 06:24:37"
633967,9356,2609,,3444,2186,,V,,,1,"2022-01-16 06:23:34"
633966,9356,2609,,14459,2181,,V,,,1,"2022-01-16 06:22:27"
633965,7567,2086,,2976,2037,,V,,,1,"2022-01-16 04:46:28"
633964,7567,2086,,7446,2043,,V,,,1,"2022-01-16 04:46:15"
633963,7567,2059,9,3131,2112,7,F,14,,1,"2022-01-16 04:46:07"
633962,7567,2068,9,11038,2051,7,F,11,,1,"2022-01-16 04:45:50"
633961,7567,2086,,11038,2051,,V,,,1,"2022-01-16 04:45:36"
633960,7567,2086,,2280,2073,,V,,,1,"2022-01-16 04:45:24"
633959,7567,2086,,2642,2040,,V,,,1,"2022-01-16 04:45:09"
633958,7567,2086,,3085,2082,,V,,,1,"2022-01-16 04:45:00"
633957,9414,1375,9,5231,1396,7,F,21,,1,"2022-01-16 04:36:48"
633956,9414,1384,8,7757,1347,7,S,22,|cc-8|bb-17|ab-22|correct|,1,"2022-01-16 04:36:23"
633955,9414,1376,9,10991,1416,7,F,21,,1,"2022-01-16 04:35:57"
633954,9414,1385,9,4959,1382,7,F,26,,1,"2022-01-16 04:35:29"
633953,9414,1394,10,7543,1431,7,S,16,|rb-16|correct|,1,"2022-01-16 04:34:59"
633952,9414,900,,7543,1431,,V,,,1,"2022-01-16 04:34:39"
633951,9414,1384,9,7374,1403,7,S,40,|pa-16|sa-38|qc-40|correct|,1,"2022-01-16 04:33:45"
633950,9414,1375,9,15467,1361,7,S,13,|op-10|no-11|pn-13|correct|,1,"2022-01-16 04:33:00"
633949,9414,1366,9,2502,1387,7,F,24,,1,"2022-01-16 04:32:44"
633948,9414,1375,9,4886,1347,7,F,44,,1,"2022-01-16 04:32:17"
633947,9414,1383,8,5227,1339,7,S,77,|os-41|or-58|qr-63|ps-77|correct|,1,"2022-01-16 04:27:47"
633946,9414,1375,9,5000,1389,7,F,8,,1,"2022-01-16 04:26:27"
633945,9414,1384,9,2749,1410,7,F,22,,1,"2022-01-16 04:26:16"
633944,9414,1393,9,15530,1354,7,S,9,|pr-8|os-9|correct|,1,"2022-01-16 04:25:49"
633943,9414,1384,8,7760,1333,7,S,5,|cb-5|correct|,1,"2022-01-16 04:25:37"
633942,9414,1376,9,5109,1326,7,S,8,|ea-8|correct|,1,"2022-01-16 04:25:26"
633941,9414,1367,11,10649,1333,7,S,22,|qq-13|rs-18|sr-21|correct|,1,"2022-01-16 04:25:13"
633940,9414,1356,11,5039,1298,7,S,29,|cc-28|correct|,1,"2022-01-16 04:24:44"
633939,9414,1345,12,4877,1305,7,S,12,|ra-12|correct|,1,"2022-01-16 04:23:48"
633938,9414,1333,12,10646,1375,7,F,6,,1,"2022-01-16 04:23:32"
633937,9414,1347,13,10532,1368,7,F,12,,1,"2022-01-16 04:23:23"
633936,9414,1362,14,4990,1361,7,F,43,,1,"2022-01-16 04:23:08"
633935,9414,1378,17,5261,1347,7,S,20,|qs-19|correct|,1,"2022-01-16 04:22:22"
633934,9414,1361,18,2777,1382,7,S,19,|rb-16|qa-18|correct|,1,"2022-01-16 04:21:58"
633933,9414,1343,17,2418,1376,7,F,11,,1,"2022-01-16 04:21:27"
633932,9414,1363,18,4978,1326,7,S,8,|es-7|correct|,1,"2022-01-16 04:21:11"
633931,9414,1345,19,2454,1363,7,F,12,,1,"2022-01-16 04:20:57"
633930,9414,1366,21,2859,1291,7,S,29,|os-25|or-28|correct|,1,"2022-01-16 04:20:40"
633929,9414,1345,22,5009,1270,7,S,14,|qp-9|qq-14|correct|,1,"2022-01-16 04:20:07"
633928,9414,1323,23,4991,1255,7,S,28,|da-27|correct|,1,"2022-01-16 04:19:50"
633927,9414,1300,27,1976,1290,7,S,22,|ra-18|sb-22|correct|,1,"2022-01-16 04:19:08"
633926,9414,1273,27,4952,1242,7,S,9,|oa-9|correct|,1,"2022-01-16 04:18:38"
633925,9414,1246,28,4985,1284,7,S,15,|bs-15|correct|,1,"2022-01-16 04:18:25"
633924,9414,1218,26,7582,1261,7,F,16,,1,"2022-01-16 04:18:07"
633923,9414,1245,27,2884,1236,7,F,23,,1,"2022-01-16 04:17:44"
633922,9414,1273,28,2554,1249,7,S,10,|rb-7|ra-10|correct|,1,"2022-01-16 04:17:17"
633921,9414,1245,29,4989,1291,7,F,10,,1,"2022-01-16 04:17:04"
633920,9414,1275,30,1990,1249,7,F,18,,1,"2022-01-16 04:16:50"
633919,9414,1306,36,4942,1340,7,S,18,|ps-14|os-18|correct|,1,"2022-01-16 04:16:30"
633918,9414,1270,32,3039,1333,7,F,15,,1,"2022-01-16 04:16:08"
633917,9414,1305,34,2447,1411,7,F,16,,1,"2022-01-16 04:15:50"
633916,9414,1344,36,2684,1291,7,F,8,,1,"2022-01-16 04:15:30"
633915,9414,1380,39,15539,1263,7,S,52,|ec-47|dd-48|cd-49|bd-51|ac-52|correct|,1,"2022-01-16 04:15:19"
633914,7567,2086,8,9647,2030,7,S,19,|cb-9|db-12|ea-18|correct|,1,"2022-01-16 04:11:59"
633913,9414,1341,41,4911,1228,7,S,13,|qr-12|correct|,1,"2022-01-16 04:11:54"
633912,9414,1300,46,15500,1200,7,S,7,|jr-5|kq-7|correct|,1,"2022-01-16 04:11:38"
633911,7567,2085,,9647,2030,,V,,,1,"2022-01-16 04:11:36"
633910,9414,1254,51,2825,1178,7,S,21,|ns-21|correct|,1,"2022-01-16 04:11:27"
633909,9414,1203,52,10297,1194,7,S,82,|pp-59|nn-74|pp-82|correct|,1,"2022-01-16 04:10:30"
633908,9414,900,,10297,1194,,V,,,1,"2022-01-16 04:09:04"
633907,9414,1151,48,10579,969,7,S,38,|eb-38|correct|,1,"2022-01-16 04:08:44"
633906,7567,2085,,5452,2068,,V,,,1,"2022-01-16 04:06:50"
633905,7567,2069,9,10797,2069,7,S,33,|rb-21|ra-27|rb-30|ra-32|correct|,1,"2022-01-16 04:06:32"
633904,7567,2060,9,5295,2004,7,S,39,|gc-33|ha-37|ga-39|correct|,1,"2022-01-16 04:05:51"
633903,7567,2085,,5295,2004,,V,,,1,"2022-01-16 04:05:07"
633902,9414,1103,56,10256,950,7,S,12,|pr-12|correct|,1,"2022-01-16 04:04:44"
633901,9414,1047,62,15405,1039,7,S,20,|qn-18|ro-19|correct|,1,"2022-01-16 04:04:29"
633900,7567,2085,,9567,2025,,V,,,1,"2022-01-16 04:03:52"
633899,7567,2085,,1864,1966,,V,,,1,"2022-01-16 04:03:37"
633898,9414,985,61,4880,1019,7,F,11,,1,"2022-01-16 04:03:34"
633897,9414,1042,65,10393,1158,7,F,18,,1,"2022-01-16 04:03:17"
633896,9414,1110,70,10566,1200,7,F,61,,1,"2022-01-16 04:02:53"
633895,9414,1199,79,15437,970,7,S,10,|pp-5|lp-7|mo-9|correct|,1,"2022-01-16 04:00:29"
633894,9414,1120,107,15412,977,7,S,20,|eg-18|ee-19|correct|,1,"2022-01-16 04:00:17"
633893,9414,1013,113,15414,942,7,S,6,|pp-5|pn-6|correct|,1,"2022-01-16 03:59:55"
633892,9414,900,0,15372,963,7,S,106,|pe-105|ne-106|correct|,1,"2022-01-16 03:59:46"
633891,9414,900,0,10229,964,7,S,8,|ra-8|correct|,1,"2022-01-16 03:57:54"
633890,9414,900,0,10259,921,7,S,3,|jp-2|correct|,1,"2022-01-16 03:57:43"
633889,9414,900,0,4848,947,7,S,10,|rs-9|correct|,1,"2022-01-16 03:57:37"
633888,9414,900,0,4887,971,7,S,23,|da-23|correct|,1,"2022-01-16 03:57:24"
633887,9414,900,,4887,971,,V,,,1,"2022-01-16 03:56:57"
633886,7567,2015,12,1866,2066,7,F,27,,1,"2022-01-16 03:47:18"
633885,7567,2085,,1866,2066,,V,,,1,"2022-01-16 03:45:23"
633884,7567,2085,,273,2014,,V,,,1,"2022-01-16 03:45:16"
633883,7567,2027,15,20022,2104,7,F,14,,1,"2022-01-16 03:45:06"
633882,7567,2045,16,9674,2040,7,F,20,,1,"2022-01-16 03:44:44"
633881,7567,2085,,9674,2040,,V,,,1,"2022-01-16 03:43:35"
633880,8987,2611,9,10784,2165,7,F,45,,1,"2022-01-16 03:43:25"
633879,7567,2045,18,255,2129,7,F,17,,1,"2022-01-16 03:43:15"
633878,7567,2085,,255,2129,,V,,,1,"2022-01-16 03:42:54"
633876,7567,2085,,2656,2067,,V,,,1,"2022-01-16 03:42:34"
633877,8987,2613,2,252,2110,7,S,13,|dr-6|bs-8|cs-11|br-13|correct|,1,"2022-01-16 03:42:34"
633875,8987,2546,,252,2110,,V,,,1,"2022-01-16 03:42:18"
633874,8987,2546,,9514,2186,,V,,,1,"2022-01-16 03:41:50"
633873,8987,2608,2,16936,2109,7,S,7,|qs-4|sq-6|ps-7|correct|,1,"2022-01-16 03:41:39"
633872,8987,2546,,16936,2109,,V,,,1,"2022-01-16 03:41:29"
633871,8987,2546,,1740,2188,,V,,,1,"2022-01-16 03:41:25"
633870,8987,2546,,4769,2153,,V,,,1,"2022-01-16 03:41:20"
633869,8987,2604,2,10818,2158,7,S,23,|bc-20|ab-21|ac-22|correct|,1,"2022-01-16 03:40:52"
633868,8987,2602,9,460,2186,7,F,36,,1,"2022-01-16 03:40:26"
633867,8987,2546,,460,2186,,V,,,1,"2022-01-16 03:39:45"
633866,8987,2603,10,10311,2109,7,F,6,,1,"2022-01-16 03:39:30"
633865,8987,2546,,10311,2109,,V,,,1,"2022-01-16 03:39:16"
633864,8987,2546,,4761,2109,,V,,,1,"2022-01-16 03:39:10"
633863,8987,2605,3,11121,2118,7,S,19,|bs-16|ar-18|correct|,1,"2022-01-16 03:39:04"
633862,8987,2602,3,7664,2114,7,S,13,|bs-11|cq-13|correct|,1,"2022-01-16 03:38:43"
633861,8987,2599,13,2875,2123,7,F,8,,1,"2022-01-16 03:38:27"
633860,8987,2546,,2875,2123,,V,,,1,"2022-01-16 03:38:16"
633859,8987,2602,4,11020,2160,7,S,14,|bc-10|cb-11|ac-14|correct|,1,"2022-01-16 03:37:53"
633858,8987,2546,,11020,2160,,V,,,1,"2022-01-16 03:37:36"
633857,8987,2598,3,7650,2110,7,S,9,|sb-6|ra-8|correct|,1,"2022-01-16 03:37:31"
633856,8987,2595,3,1630,2109,7,S,13,|db-10|ea-12|ec-13|correct|,1,"2022-01-16 03:37:20"
633855,8987,2592,17,11118,2097,7,F,8,,1,"2022-01-16 03:37:04"
633854,8987,2546,,11118,2097,,V,,,1,"2022-01-16 03:36:53"
633853,8987,2546,,5444,2182,,V,,,1,"2022-01-16 03:35:57"
633852,8987,2595,5,11032,2142,7,S,70,|cd-66|db-68|ab-70|correct|,1,"2022-01-16 03:35:50"
633851,8987,2546,,11032,2142,,V,,,1,"2022-01-16 03:34:38"
633850,8987,2546,,17163,2153,,V,,,1,"2022-01-16 03:34:22"
633849,8987,2546,,10734,2129,,V,,,1,"2022-01-16 03:34:05"
633848,8987,2586,5,1697,2123,7,S,24,|cs-22|fs-23|es-24|correct|,1,"2022-01-16 03:33:39"
633847,8987,2546,,1697,2123,,V,,,1,"2022-01-16 03:33:12"
633846,8987,2581,7,10727,2139,7,S,5,|pr-2|os-3|ss-5|correct|,1,"2022-01-16 03:32:53"
633845,8987,2574,8,7616,2166,7,S,43,|fs-40|dr-41|es-42|correct|,1,"2022-01-16 03:32:45"
633844,8987,2566,23,16922,2130,7,F,24,,1,"2022-01-16 03:31:59"
633843,8987,2573,7,255,2129,7,S,69,|ba-28|ab-67|ba-69|correct|,1,"2022-01-16 03:31:32"
633842,8987,2566,8,14506,2139,7,S,10,|pr-7|os-8|pr-9|ns-10|correct|,1,"2022-01-16 03:30:21"
633841,8987,2558,5,5296,2067,7,S,19,|rr-13|ns-17|rs-18|correct|,1,"2022-01-16 03:30:08"
633840,8987,2546,,5296,2067,,V,,,1,"2022-01-16 03:29:47"
633839,8987,2553,7,4710,2095,7,S,22,|ea-20|ib-21|hb-21|ia-22|correct|,1,"2022-01-16 03:29:42"
633838,8987,2546,28,270,2081,7,F,11,,1,"2022-01-16 03:29:17"
633837,8987,2552,29,9557,2066,7,F,15,,1,"2022-01-16 03:29:04"
633836,8987,2558,7,10531,2068,7,S,7,|cb-3|bb-7|correct|,1,"2022-01-16 03:28:46"
633835,8987,2551,8,1750,2070,7,S,16,|er-13|dr-15|gr-16|correct|,1,"2022-01-16 03:28:36"
633834,8987,2543,8,9656,2081,7,S,13,|br-11|cs-12|correct|,1,"2022-01-16 03:28:17"
633833,8987,2535,34,14570,2125,7,F,60,,1,"2022-01-16 03:28:02"
633832,8987,2546,,14570,2125,,V,,,1,"2022-01-16 03:26:59"
633831,8987,2539,38,3108,2152,7,F,31,,1,"2022-01-16 03:26:46"
633830,8987,2552,40,7462,2087,7,F,14,,1,"2022-01-16 03:26:11"
633829,8987,2560,42,493,2093,7,F,11,,1,"2022-01-16 03:25:55"
633828,8987,2546,,493,2093,,V,,,1,"2022-01-16 03:25:37"
633827,8987,2546,,14558,2103,,V,,,1,"2022-01-16 03:25:32"
633826,6780,1739,38,11035,1778,7,F,73,,1,"2022-01-16 03:05:37"
633825,7352,3195,,7697,2422,,V,,,1,"2022-01-16 02:52:54"
633824,7352,3195,,985,2404,,V,,,1,"2022-01-16 02:52:33"
633823,7352,3195,,18332,2679,,V,,,1,"2022-01-16 02:52:21"
633822,7352,3195,,17756,2518,,V,,,1,"2022-01-16 02:52:13"
633821,7352,3195,,17127,2602,,V,,,1,"2022-01-16 02:52:00"
633820,7352,3195,,19495,2518,,V,,,1,"2022-01-16 02:51:42"
633819,7352,3195,,17772,2581,,V,,,1,"2022-01-16 02:51:27"
633818,6780,1783,43,5161,1689,7,S,18,|br-12|bs-17|correct|,1,"2022-01-16 02:22:09"
633817,6780,1740,46,2590,1655,7,S,28,|ba-27|db-28|correct|,1,"2022-01-16 02:21:48"
633816,6780,1694,45,2736,1557,7,S,11,|sb-9|rb-11|correct|,1,"2022-01-16 02:21:17"
633815,7567,2085,20,1700,2121,7,F,12,,1,"2022-01-16 02:21:10"
633814,6780,1649,48,2670,1613,7,S,49,|rr-46|qs-47|pr-49|correct|,1,"2022-01-16 02:21:01"
633813,7567,2108,22,2130,2053,7,S,25,|br-25|correct|,1,"2022-01-16 02:20:55"
633812,7567,1960,,2130,2053,,V,,,1,"2022-01-16 02:20:23"
633811,7567,1960,,16924,1997,,V,,,1,"2022-01-16 02:19:56"
633810,7567,1960,,1875,2000,,V,,,1,"2022-01-16 02:19:31"
633809,7567,1960,,7636,2076,,V,,,1,"2022-01-16 02:19:22"
633808,7567,2041,26,10342,2004,7,F,309,,1,"2022-01-16 02:19:03"
633807,7567,1960,,10342,2004,,V,,,1,"2022-01-16 02:09:31"
633806,7567,1960,,10740,2055,,V,,,1,"2022-01-16 02:07:43"
633805,7567,1960,,3084,1969,,V,,,1,"2022-01-16 02:07:20"
633804,3240,1831,34,2849,1820,7,F,81,,1,"2022-01-16 02:07:11"
633803,7567,1960,,9482,1962,,V,,,1,"2022-01-16 02:07:00"
633802,7567,1960,,2808,2077,,V,,,1,"2022-01-16 02:06:24"
633801,7567,1960,,4798,2050,,V,,,1,"2022-01-16 02:06:09"
633800,7567,1960,,10144,2010,,V,,,1,"2022-01-16 02:05:49"
633799,7567,1960,,10162,1997,,V,,,1,"2022-01-16 02:05:37"
633798,3240,1868,41,10355,1806,7,S,17,|ba-14|ea-15|bc-16|correct|,1,"2022-01-16 02:05:35"
633797,7567,2015,38,14522,2029,7,F,17,,1,"2022-01-16 02:05:24"
633796,3240,1827,44,4702,1780,7,S,73,|ia-66|gb-73|correct|,1,"2022-01-16 02:05:15"
633795,7567,1960,,14522,2029,,V,,,1,"2022-01-16 02:05:03"
633794,7567,1960,,5225,1953,,V,,,1,"2022-01-16 02:04:46"
633793,7567,1960,,1623,2043,,V,,,1,"2022-01-16 02:04:33"
633792,7567,1960,,2280,2066,,V,,,1,"2022-01-16 02:04:20"
633791,3240,1783,40,9452,1660,7,S,60,|or-50|pr-57|rs-58|ps-60|correct|,1,"2022-01-16 02:03:58"
633790,3240,1743,42,7299,1606,7,S,30,|sr-26|sq-28|ps-30|correct|,1,"2022-01-16 02:02:54"
633789,3240,1701,46,5143,1569,7,S,28,|pc-20|pb-26|pe-27|correct|,1,"2022-01-16 02:02:09"
633788,3240,1655,55,5163,1583,7,S,14,|da-14|correct|,1,"2022-01-16 02:01:39"
633787,7567,2070,57,5442,1983,7,S,14,|oa-8|pa-14|correct|,1,"2022-01-16 02:01:26"
633786,3240,1600,55,7739,1493,7,S,26,|ra-25|correct|,1,"2022-01-16 02:01:21"
633785,7567,1960,,5442,1983,,V,,,1,"2022-01-16 02:01:05"
633784,3240,1545,53,2802,1375,7,S,11,|rc-9|qc-10|correct|,1,"2022-01-16 02:00:52"
633783,3240,1492,67,2803,1410,7,S,47,|br-33|bs-46|correct|,1,"2022-01-16 02:00:25"
633782,7567,1960,,10546,1934,,V,,,1,"2022-01-16 01:59:50"
633781,3240,1425,63,10978,1256,7,S,15,|mp-14|lp-15|correct|,1,"2022-01-16 01:59:35"
633780,3240,1362,72,10385,1201,7,S,6,|ga-5|ka-6|correct|,1,"2022-01-16 01:59:17"
633779,3240,1290,91,4921,1213,7,S,8,|rs-6|qs-7|correct|,1,"2022-01-16 01:59:09"
633778,3240,1199,85,10373,1012,7,S,15,|fp-12|bs-14|correct|,1,"2022-01-16 01:58:59"
633777,3240,1114,105,4870,975,7,S,8,|ba-7|correct|,1,"2022-01-16 01:58:26"
633776,3240,1009,109,15422,933,7,S,6,|ep-4|fn-6|fm-6|fm-6|correct|,1,"2022-01-16 01:58:15"
633775,3240,900,0,10357,983,7,S,3,|je-3|correct|,1,"2022-01-16 01:58:05"
633774,3240,900,0,10377,950,7,S,14,|sq-13|correct|,1,"2022-01-16 01:57:55"
633773,3240,900,0,10407,998,7,S,16,|fb-14|ga-15|correct|,1,"2022-01-16 01:54:25"
633772,3240,900,0,15442,914,7,S,24,|pd-22|nc-24|correct|,1,"2022-01-16 01:54:06"
633771,3240,900,,15442,914,,V,,,1,"2022-01-16 01:53:38"
633770,6780,1601,50,2664,1599,7,F,17,,1,"2022-01-16 01:18:14"
633769,6780,1656,63,2703,1579,7,S,19,|qs-17|ps-18|correct|,1,"2022-01-16 01:17:41"
633768,6780,1593,63,9431,1473,7,S,21,|sr-21|correct|,1,"2022-01-16 01:17:19"
633767,6780,1530,65,4959,1382,7,S,7,|oq-6|or-7|correct|,1,"2022-01-16 01:16:55"
633766,6780,1465,71,5223,1312,7,S,27,|os-23|ls-27|correct|,1,"2022-01-16 01:16:44"
633765,6780,1394,76,2074,1206,7,S,8,|ab-6|ac-7|correct|,1,"2022-01-16 01:16:14"
633764,6780,1318,94,5040,1206,7,S,5,|sr-5|correct|,1,"2022-01-16 01:16:02"
633763,6780,1224,86,4852,979,7,S,6,|da-6|correct|,1,"2022-01-16 01:15:55"
633762,6780,900,,4852,979,,V,,,1,"2022-01-16 01:15:45"
633761,6780,1023,123,15444,928,7,S,7,|pq-5|qp-6|correct|,1,"2022-01-16 01:15:36"
633760,6780,900,0,2284,957,7,S,6,|bs-6|correct|,1,"2022-01-16 01:15:26"
633759,6780,900,0,15369,942,7,S,6,|qe-4|pd-5|correct|,1,"2022-01-16 01:15:17"
633758,6780,900,0,15389,935,7,S,8,|co-7|fo-8|correct|,1,"2022-01-16 01:15:08"
633757,6780,900,,15389,935,,V,,,1,"2022-01-16 01:14:56"
633756,9338,1889,53,14542,2195,7,F,13,,1,"2022-01-16 00:16:42"
633755,9338,1963,57,3065,2067,7,F,3,,1,"2022-01-16 00:16:20"
633754,9338,2039,89,10339,2038,7,S,8,|ec-5|eb-7|fa-8|correct|,1,"2022-01-16 00:16:12"
633753,9338,1950,94,10529,1926,7,S,17,|fr-13|er-17|correct|,1,"2022-01-16 00:16:00"
633752,9338,1856,95,2408,1770,7,S,7,|ra-5|pb-7|correct|,1,"2022-01-16 00:15:36"
633751,9338,1761,111,3116,1885,7,S,5,|ap-3|cs-4|correct|,1,"2022-01-16 00:15:26"
633750,9338,1650,84,11029,1750,7,F,22,,1,"2022-01-16 00:15:17"
633749,9338,1721,85,10349,1745,7,S,4,|rb-1|oa-3|rd-4|correct|,1,"2022-01-16 00:14:29"
633748,9338,1636,84,10696,1577,7,S,5,|ea-4|fa-5|correct|,1,"2022-01-16 00:14:21"
633747,9338,1552,92,5244,1695,7,S,12,|pa-7|pb-9|pb-11|qc-12|correct|,1,"2022-01-16 00:14:12"
633746,9338,1460,73,20280,1563,7,F,58,,1,"2022-01-16 00:13:57"
633745,9338,1558,113,10536,1487,7,S,11,|ra-10|correct|,1,"2022-01-16 00:12:53"
633744,9338,1445,114,10886,1494,7,S,7,|bs-4|cr-5|ar-7|correct|,1,"2022-01-16 00:12:37"
633743,9338,1331,,10886,1494,,V,,,1,"2022-01-16 00:12:18"
633742,8987,2606,2,7727,2124,7,S,25,|nr-23|rs-25|correct|,1,"2022-01-16 00:04:12"
633741,8987,2546,,3429,2092,,V,,,1,"2022-01-16 00:04:04"
633740,8987,2569,3,14448,2138,7,S,21,|jr-17|kq-19|ks-21|correct|,1,"2022-01-16 00:03:34"
633739,8987,2546,,14448,2138,,V,,,1,"2022-01-16 00:03:09"
633738,8987,2546,,19984,2083,,V,,,1,"2022-01-16 00:01:41"
633737,8987,2564,2,19470,2083,7,S,14,|fa-10|ac-12|ea-13|fb-14|correct|,1,"2022-01-16 00:01:36"
633736,8987,2546,,19470,2083,,V,,,1,"2022-01-16 00:01:16"
633735,8987,2546,,10197,2092,,V,,,1,"2022-01-16 00:00:41"
633734,8987,2562,12,20022,2097,7,F,19,,1,"2022-01-16 00:00:32"
633733,8987,2565,4,9584,2111,7,S,22,|qr-19|pr-21|correct|,1,"2022-01-16 00:00:05"
633732,8987,2546,,9584,2111,,V,,,1,"2022-01-15 23:59:41"
633731,8987,2558,3,10929,2076,7,S,21,|or-9|pr-18|os-20|correct|,1,"2022-01-15 23:59:20"
633730,8987,2546,,10929,2076,,V,,,1,"2022-01-15 23:58:58"
633729,8987,2555,3,11041,2049,7,S,16,|ob-9|pb-15|nc-16|correct|,1,"2022-01-15 23:58:07"
633728,8987,2552,6,11108,2128,7,S,8,|qb-5|oa-6|pb-7|correct|,1,"2022-01-15 23:57:48"
633727,8987,2546,,11108,2128,,V,,,1,"2022-01-15 23:57:37"
633726,8987,2550,4,7653,2050,7,S,10,|db-8|ed-10|correct|,1,"2022-01-15 23:57:17"
633725,8987,2546,5,7665,2096,7,S,8,|ds-5|cq-8|correct|,1,"2022-01-15 23:57:02"
633724,8987,2546,,7665,2096,,V,,,1,"2022-01-15 23:56:52"
633723,8987,2541,7,14447,2125,7,S,26,|pr-14|sr-23|rr-25|correct|,1,"2022-01-15 23:56:46"
633722,8987,2546,,14447,2125,,V,,,1,"2022-01-15 23:56:17"
633721,8987,2546,,9696,2030,,V,,,1,"2022-01-15 23:56:00"
633720,8987,2523,24,991,2082,7,F,17,,1,"2022-01-15 23:55:46"
633719,8987,2546,,991,2082,,V,,,1,"2022-01-15 23:55:25"
633718,113,1529,9,10975,1529,7,S,9,|gf-5|gg-8|correct|,1,"2022-01-15 22:50:28"
